--Adminアカウント（番号：10 password:admin）
--他ユーザーのパスワードは苗字アルファベット小文字
-- user
INSERT INTO user (employee_code, name, password, role, icon) VALUES
	(1, '疋田佑', 'fe8fbe4b38777a71e0cedf0b6502a4bdd6fc9521ddf4c1e39c72250bfcf56c0d', 'USER', 'iVBORw0KGgoAAAANSUhEUgAAAEAAAABACAYAAACqaXHeAAAAGXRFWHRTb2Z0d2FyZQBBZG9iZSBJbWFnZVJlYWR5ccllPAAAAzBJREFUeNrcWott2zAQpY0OoE5QbVB1gngEd4JwBI2gDYROQGQCZQOlE9idQN5AyQQuhVLAlSAVSryjjj7gkMQxRd3j/XlCpKNCs9TcaR403x180dxqLsUD0SS40jx6hPZxa9ZmTfUGwW2NKHI99S5C8KxBKMxL35FZ5eAbqISHLDkD0BILzxqEUyLh78axsjOHPiEAs09gQ1Vi4WeOjg5HJACeCUC9aX4NMDsWAJyQhZ8E/6H5JUDzWBCmWtfWs0fufgDL/nvPiapP1mQf/kbHqUMqF7QgawAmoZpAT15zBqDcUNzIDSHMlWc0sS//BSlc+ehd80/w99V8toVeCKINGvlstCHehw0gvcfGset4xTUTdNGvCHX30W/LvN45nL5MdPouh8uiLJ4bIAPoB0hicxtARGGTBs/JTEO8X2HlBex8ADUAqHaPAcDV/HxKqHVP1t67UgPUMUWbqiTMM6JfKEVu3icGPIjagLIWo+yGwrfc0mE7G6yQhWdXBfr8wUjQrVFWCc2aFHI2WBCBSkYVspduiMwqiT+I1QJ4+r3IiE7g1LqI53Qca/8tobHesL7mHPJCaYhwXgpUmWR0JAbgFWSLWzJM+IwsAfgAkWFLNIHPyBIA6M1TrGELwDXRGrZOcEso7FI4wRQp8SyEXLFWiv+nSVVOgk8Jy8USHv7eLNi3dHwfXqmxTYZKk7gMjrK1MP+HGjFXdSUAzT7x0qy1y+zB7MWiGSKFfyLUVQcUVsl8t7TFNQxZCP/VWyd2uBuYhfBNfIdMcCgRPvoWMnL7mWmh0TlQ8KWRl2oFYOeVew1mDXlxs5YrS4N847QyUPVDRu3JQtrWaZDCEm4Qy/d8sYOXClPtscbelwQ8eUrhGD5jOLxR4I3AtY4s0X7ZEnHP6L6kFHST3r5pkotgNFneCZpJb+mx2YZgv5iWHOm4uyuEUe3npUOA/T8CfRWea/VjQEfmEajauyGSfUMjZx5iVWfMWPgRw5QLhFR4D1bY1WG5ogzeU92bNc2SQwQYU+r63eTwe3VnbprfNP8R/y5QbmsfcEB8mRmIib8BUMoIgG5AqKlN/gE+e8N46b8CDABqYDROfYCuQAAAAABJRU5ErkJggg=='),
	(2, '片川純太', '621072ee34e47c8eeccda61884859b7857d4170a842b8f302521a7e51bf61241', 'USER', 'iVBORw0KGgoAAAANSUhEUgAAAOEAAADhCAMAAAAJbSJIAAAA0lBMVEX////evpAoGhYAAAAnGBQYAAAQAAAJAAAWAAAiEg0aAAATAAAkFRDdvIwgDwkNAAAbBQD39vbmxZXx8PCtqqnMnJzOzMvq6Oj5+fmnpKPFw8LU0tIgEhDf3d3GxMOMiIeCfXx0bm07Lyz58+uZlZTr17y6t7dsZmVFOzktIR5TTEpLQ0GmjWtMPC7PsYafnJt1YUpeVlXixp3o0bH06ts3KyiHgoG3m3ZaSThaVFI0Jh6Rel2yl3J4ZExlUj8/LySGcFXw4czo1NTt3t7Sqanat7cGY9ZBAAAJ9ElEQVR4nO2cCXfaOBCAgyRbMnZ9AMvtcISYK4XS5mh6btvd//+XdmSTk0u+s+/N99qEALY11mguyTo7QxAEQRAEQRAEQRAEQRAEQRAEQRAEQRAEQRAEQRAEQRAEQRAEQXKgOxl2zlsZnaztB10/o3NlRNemompSumh4qc9Vb4wp5ZzOzzNoWFZ0qEVs1yDEdmgj3am8EdXhRIwRiw6yaV0GnFPC6GK0pLpFGGfdFKcaUJeQvkkJ4YzQTmZNTMnMYLwHv72GwS2496OkJ/JnDiN9+vNqVavd9Rmj7QxbmYKAEvowZgJXI0TovUQnGlADdOD9Xa1WqVRqK0q0YWaNTMXMsBdPf42oHEIJ9Ku94KCg9EqKJ6l96DPzTXRijxIePPu764CloMO4p2npNvT++9WDgJUKdKL+JkbiRLDqizd8AprKYw5GX2oo/fEkH3Ti5/5z5SiPmeG+lmYKtlCP1bhzaaL41XMBK7UrwWh6/5oaD3RpxwdOQESxVB9EXXCofWv1QsBQTekbcPswDGl9590O2Btxr3qOc/h2/8trASu1L5ZYZ9rYREyEMd7zdiBFVOxF+d3+z8oOYE3fwkC8t93hvvfBSxJ3rCJiQwr4fldAGIgmo9m2NgmC7Q7DkIYU8ea0iPJ7/S97BIwGYuk5Rgsa0dz/kTQ31ZNaBkEtscRqr4QVTpzg1AnyJuD7DE3E0CHEnB4/vgcqyg4JCKamept5k2My0Czr4IcL6fqH8lXL7waNzvp2tNlMh8PhYNDpNKWra4GbIPTutRV9MjV7zVihbGz7SC8tIRdyRguXUuropimqrm3brutWNWFyOh50ZzLCuzogYKX2VZRvagxLO5KoenOZFhuMRLCHF9FfVhUSSsK/HhKwUvnmlG5qIKI5agtaTiiMZQuHh7WJCFOY/b4VftT/flhAaUx5moQ6A3qn7Pk9dzXOb6aToOnX222vXm+1/Oa3q6/ff7zvc9EHT3hEwppgZUc1AajR0eDYG4wGO96k/a5SAyqrq8+Ufjgm4U9rfzxRHBNh3SQ47FGC2urusHyRMZ1l3uhYjFx7k+Cwj++OyfVMwq/CsjNvdCym9jFTepBLRQkr33RWsoRjw0xSaLhQlVBGpllV0pPhMH4gKj3OR0UJKyBhssJdRnhJg/9fqgOxz3ipsXc9sRIp2hpwF07KeYJ0+HtLGCpcq0tYah92TCYSHqo2Emvv+1apkenQNZYJD1XsxCtqMZ5MTbKg5bJEDj9EzdjUvnJizLNsdCxmNkkxX6hmbGo/+kQ7USjIjZEgbopqn6rbtxih5SQYDUqsVDWGayUBa3eUlOP26/LC6dLTi3cq3Vj7bhKLZdTqOGxsYqadaW9XlET83E9/qfiAjmZQB7tQMjcrswQ9ressmyKRioi1K06sol3G1M1KcT6piAh6qk8yuZwqEJBmNvivFQbjihPGC50tBTNDs4uIf520qbW/BdGKLPA3wcxkWSG6OK2qgrCEaUwiFgbJODE9paq1731SYGGxmTaa2cflcVVdCVJgyWZq71mdkJ7rj0eErH3oE1GUOW1RxkQuhu0aOvKQlCtKmJbHRfcw0UiiKqkSF6GU+zoRfGJRVakbi+Sbdv+6/PhutzPvdHJsrjJDfEVXEUePd27YxfWvT5GYUtLol8ZIMV4flNQ8aWfat5QyRZ2qjyid783DLkBnLz99+nR5eXl9fTZ0C1q4sDAUfO9Ml4swlWyfZ2tEacFmjxbjEiHzPV1gu9XDCV6l7GOqqX6XF2NNuw7RTvVNi0ZT9Somt779rnvaioAfLqJ4KkfDqeJFI+pCorIsrbmVUGHVxUSQRFNdMVkap6OnW20roUI19UFChe7p8iIGYhsGw8lK/kBEjeYqsR3drkE5vVoWlD/RpHo8lLxhEPWLJV4v3PN+//7z+svDSKWt00ak7TLi5L64HYaYgqZIZ0HsHb37/ZfktY4vZY8rre+XIyT3itRAIypLXMDh0+XOwAoF/Ouf129P4cuuiu8cQVKTu8+HiygFFl5rjzk6IOGZf95VUr6J2u1Nh0zvEy8v/xNKuDMSlekI4uZerbFT1Un//PvPvynSEog2bOX18QnxwLbHrgh5WVUfegW4C4ixWDWmwfZpyhmcR8AhssMLdrMB7iIzYh4zdZ/NcHTTWHsZ7+ZdUzyHkKZ6+msvmBlPURA4hmH0quXGt1ihhDkX3JogYdyVZounlGDEH+PPjWvEVYZCJJR9SGIeM3IfwqCOjOaioK9OExjlegES9uQjujEtTSA7TsbgjShcFZued3abpMLrU5UAPR1J9KQtswd6v5YP7RFXJlUQpYGA8acE5Rhx4x4Uk1BP4ipXmGrYwpb51DBMlsJV+/FnrwInf29xBklDfBs4odHCfAuEWlN7m9PHf+Z7LYiR+9NsEJcmmD7oGtS1XWrKxai9e0q5Q5NsKDC1C4hLb12l2sQOwXAzCrYmqu4HnW4SgzG3FEq1aQl0hSpGTrQKWTvkJzE1GQF3N7arSsDYInbifSHSX7qAuZkJeLJyVnyG0UYBExctcGhmKWsFR3b8mDgRG7hQPlPAx/Hh1uY3M/scWaSuDou40kuWdmFrFe7lpQrf7GAN8bsoaNFQnbPi9VTqaHGr9wYOBNJJF+knw3OtJKF6YuSQ0BKv0k/CjbxigW5YJuhEL+6C7QWklVbemeELmlJEpzARl1XItnixj+mFSa25KGQfp9bclulk0cug12FJYl5A+CY3WEr9WEASQhENkfudlZu7QA+W8Vj+9tL5xlHeSN5Iy0n0pGpqgrD6ou9OhGZHT+4bRuz8NeUAflXWBg21pU8JaI+iezgr7/E8bxNqqjnP5R4HepXkPw5O0XDssEq4zFzG7jysrGpGOUPwifom1CSD3mY6HHvT8LR2/O0JcyAYc9kYl84aGQUA9cmcRqqxKLsDtzQsU1axDZ1P07fIC+6pkLeM8XHJe9M8Z0DNcO2WTcWom8Ly1YMp5WHV3+Lam9j48hGvY1I7nHOxOZ9Nmgn0tX5+O6Z6NKlh03np25jt0txE2iVjOS7Gm0ngK9YB6r1gsLlxeHV7uO5MS9+Ibj+t9ZgLY7vNla051JxNB42m32q19/Rp25MbKnVuNzNK9aodSQfi6bNGeR7+NP56Rrn2uLuXZVdNuf2VMOf2zXhOZuPxzc2czG8gIdJN+ICb7oNsoOAa5Ys3LV5EvTtYGFS4Dw3fNp9ZlvwPP1j0+sWnhmtSspk038COrIr01qMxpY6AHnopyyuxQZtdAb28HDXe6NA7Rt0P1qPNmBHhgDrqpqObugBMUwfk/m0uY7PNcN1t/X+6bj+e5/fOg0YA/zqddaMRvjrv+d6b2MwaQRAEQRAEQRAEQRAEQRAEQRAEQRAEQRAEQRAEQRAEQRAEQRAEQZC3xn+8hqXlI57chQAAAABJRU5ErkJggg=='),
	(3, '千田', '30b2ba6058bd341877e286ea1b6ba27d01dbfff7d2ea54f5c699ccfd33673119', 'USER', '/9j/4AAQSkZJRgABAQAAAQABAAD/2wCEAAkGBxIQEhUQEhIVFRIVFRUQFRUPFRUQDxUVFRUWFhYVFRYYHSggGBolHRUVITEhJSkrLi4uFx8zODMtNygtLisBCgoKDg0OGxAQGislICUtLS0rLS0tLystLSstLS0tLS0rLS0tLS0tLS0tLS0tLS0tLS0tLS0tLS0tLS0rLS0tLf/AABEIAOEA4AMBIgACEQEDEQH/xAAbAAEAAQUBAAAAAAAAAAAAAAAAAwECBAYHBf/EADwQAAIBAgQEBAQEAwYHAAAAAAABAgMRBAUhMQYSQVETImFxBzKBkRQjQlJiscEVM3KSobIkQ2OCotHx/8QAGAEBAQEBAQAAAAAAAAAAAAAAAAIBAwT/xAAgEQEBAAICAgMBAQAAAAAAAAAAAQIREjEDISJBUTIT/9oADAMBAAIRAxEAPwDuIAAAAAAAAAAAtlNIjdVm6ZtMWua7kDZQ3RtP4qKeKiEDTNpvFRXxUQAaNshTXcuMUqnYabtkghVVkkZpmaNrgAY0AAAAAAAAAAAAAACOdSwF0pJEU6jZY2CtJ2AA0AAAAAAABgAAKFQA1fGo0TRlcxgmZYbZQI6dS/uSEqAAAAAAAAACOrO2gFKlToiIAtIAAAAAElOnfVkZ5XG2YvDYKpKLtOVqUH2c3Zv6Lmf0Jyuo3Gbq6fFOAjUdF4impxbUrtqCa3Tnblv6XPYUYySlFppq6ad00+qNH4d4CwtTCQdeF61ReL4kG4SjzfKo200Vt1qzBrYDGZI/EoTdbB815QkvlT/d+1/xxVu6OfLKe66cMb6joUo2KEGSZvSxlJVab02lGWk4vs1/UyakLex1l252aWgA1gAAAAAEtOp0ZEAMoEdKd9CQhQAAAAAtnKxjsvqSuywqRNACSlG5ojB4Oc8c4LC1XQm5SnHSfhRUowemjd1d67K56mU55hcWvyKsZtbx+WoveLs19iecVwutsoEk6XYjKSI034rycqeHoLepVbVrXbsoJW96n+jNzhuvc0vjxp4/L4u1lUjJX1Tbq0/ttv6nPydOnj7bzSgqcFHZRil9ErCFSM1pqtmn690y3F/JL2PKp1OV3Wj/ANCcstV0w8fOWtYzvIJ5ZV/H4N8tJa1qV3yKPXRbw0/7W77bbhkOcU8bRVans9JRe8ZLdP8A99U0ZlKaqR1SaaaknquzTXY0inlOJy7HqWGpyqYTESUZwjtSTfXso3bT7aDr3Ok336vbd/C19Cvg+pjZ3mcMJQniJ/LBXttzSbtGK9W2l9TXfh3Tr1IVMbXnJyryXLGTdlGDkrpdFdtL0iu5fL3pEx9bbM0Csily0AAAAAAjIhK6McvpyszLCJwASoLakrIuIaz1NjKjABTArUq+HTnU/bGU9dF5Vf8AoUMHiWq4YLESW6o1GumvK+pmXTce2o/DDJ6delXxFenGo6tXl/NjGey55S1Wl3U/8TOzv4c0p/mYOcsPWj5o8rbp3W1v1Q90/oeh8N6ajgYW6zqSfq+dr6bL7HvPHRUnF6dL+pxkx4zbt8rleLSMr4vxGDrfhczja+kK6iknru+XSUdvMlddV1N8XLNKUWmmk046pp7NPqY+a5ZSxVN0qseaLTs180W180X0ZztxzLKpywmGi61Ko/yXOLmouTd7WslLunp1993cU6mTomPzChho89apCmu85JN+y3b9jUXmuCzbF0qKjVk6LlVjUjaFOXLyvW/m5b8vbVepFlnw+nVm8RmNaVWpL9EJOy62c9HbpaNkbvgMBSw8eSjTjTjvaCUVfu+79R7vZ8cek843TXfQxKeXpbu6+xmgq4y9sxzuPS2EFFWSsi4A1LQ8HxDz4mvl2YwXLOpJUnNRjT5b3hFtdWrNPe/rY3enRUIKEEoxilGKWiSWiSPE4v4Wp5hTs/LWin4dTs/2y7xf/wAPE4D4lqvnwGJX/F0bxpxlpKpGK0TfVq2/VWfciXV1V2bm43TwmWyjY1HIamcYivGrX5aFBSfNScYptLTlW8n/AImzca2/0OmOW0ZY6RgFCkKgANAABkU5XRcQ0XqTE1sDGkyeo9GY5sKFSgRrAwOJ4c2BxKSbfgVbJXu2oNpaGeXTp89OUP3KUddtVYnLpuPbwPhxWU8DC2ynUjp2U3b30tqZddeaXu/5mu/B2t/w1ai96da/T9UIrbteEnfrc3GpguabbflevqcbLljHpwymGd2ZXez/AG9P6maUiraIqdJNTTjnlyuwAGpeXnXEOHwbgq9Tlc72SjKTst27LRbanpUqiklKLTi0pJrVNPVNGqcbcHPMJU6kKqpzguTzR5k1e91Zppq7+5sGS5esNQp0FJyVOPLzS3fX6b7Eze1WTTNABSQ0j4jcPynGOPw3lxNC021u4Rd7+rjb6q67G7lJK+j2212Ms3NNl1dvK4ZzqGNoKrFrmXkqJbRmt7ej3T7NGbO99Tn9KbybMfD2weI1TtZQ1el/4G/8sjolaPUYX9M5rpCVBQ6OaoADQMACqZkmKZFN6GVsW1tiElrkQjKFYq7KFYPU0Y2Y5thcO1GtWhTk1dKcrOy6+iJ8uzCjXTlRqQqJOzdOSlZ9n2MDN+GsJi6iq1qfNJR8PSUoXje+vK13f3MvKMmoYRONCnyKVnLWUm7bXcm2939zn8tr+OnlcN1cEsTiqeFUlV5+avpLw+a8r8renzSlt69jZDnvwtTlWx1Vu8nUjF+/NVb/AJnQjMLuNzmqAApLl+acZYqGZ+EpNU4Vo0HR5VacZSUVNv5m3dNW7LudKxeJhShKpOSjCCcpN7JIhrZXQnVjiJUoOtBWjUcU5pejNI+LeaVY04YVQtSq2lKo9pNS0ppej5ZfYj3jLa6esrJGfgviThJ1HTnGpT83LGUo80Wm7Ju2se+qN0OL8TYWNGnQhBRXm5NdHJ2WrfXXU7QMMre2+TCY9AALcgAAa/xvkSxuFnBL82F6lJ7NTSen1V19TE+HmffisMqU2/HopU6ila7WqjJfRWfW6f12s5zxDS/svMYY+K/Ir3jVSW0nbmXu9Jru4yRGXq7Xj7nFvs42ZQkc1OKnFpppSTWzT1TIzrHKqFQDWAADQnovQgJqJlIpXIiatsQiFAAaLMdjqeGpSr1XaEVdtJyersrJb6s1bKuOJ43EqjhsO/ATfiVal7pJfNppH7ts26ahOLhNKUWuVqSvFp9GhhsPTpw8OlCMILRRhFRir9kjnZdrlmmk/CNXpYiS1TqR172jv369Tfjn3wdf5OIi35lX1S6Lkil/tZ0EnD+VeT+qAAtAaL8XcPzYWnO78lZeq80ZJX+tjejy+JsoWMw1TDtpOSTi3qlOLvFv0urP0bJym5pWN1duYZ7U8aeDhGzdScXb/FKC0T+v2OxnNuEeDcVHEwr4uyhh1amudTcmr8u36Vdu7s9EdJJ8cv2vy5S30AA6OQAAB5fE2TRxuHnh5Pl5knGVr8s4u8ZW9/8AS56gF9kunj8MU4UqKwirxrToJU6jWjT1aTV9FbRexnyjbQ5/mreU5pHEpv8ADYq/idUne8vazcZezkjotVXVzML9Nzn2hKFQdHNQqAGhLQIiajsZSLqi0McyWjGEbQAGsCWj1IiWh1MpGh/CSStioJJctSDt+q7Uk7rp8p0E558Jl5sbbbxIW72vVOhnLD+XXyf0AAtAAAAAAAAAAAAAA8PjHI1jcNOlZOpH8ylf98U7LfZq8fqeX8N8+WIofh5u1fD/AJbjL53BeWLa7q3K/VepuBoXF3D9fD4hZngl54/3tKCk3PXzNRj8yl+pd0pbkZeruLx9zVbs6WvoUrOFNc05KMVu5tRj92aI/ienFQjhZ/iG+XkcrQT9+Xm36cqIcPwzjM1qrEY+UqVFfJQjeLt6Rfye7V39mb/pvo/z126DRcKkVOElKL2lFqUX7NblJRtoaHwbfAZjXy3mbpSXiU+Z7NJT0W2sZa23cfQ36vuVhltGeOljMimtDHRlIqsgQVVqTllWOhkKgABTBIszTGxw1CpWltThKfq2lol6t2X1JqO5oHF0quZY6OWU5ctGnyzrNfNolKUvopKKXd39ozy1F4Y7rO+EuEccLOs/mq1Xr0agrf7nM3giwmGjShGnBKMIpRilskiUzGamjK7uwAGsAAAAAAAAAAAAAAAo3bV7eoFORXvZX721Ljycy4lwmH/vcRTTtfli+eb9oxuzS8bxNjM1vh8BRlCjJONStUtGSTdrc17R0eyvLcm5SKmNq/JJrGZ3WxEGnToRcU0tH5FS39ZOo17M6BWep5fCfD1PL6HhxfNOT56k3+uXouiWyR6MnfU3xzXbM7u+l9Jak5ZSjZF5VTAAGNY842ZaT1I3RAVE1fR3NA4glLK8y/tBxc6NdeHLl+ZeWCa7J+VNd7NG+p2L6jjNOM4pp6NSSlF+6Jyx2rDLTw6HG+Bkk/G5bq9pxkn/ACsZdHifBydliad/4pcnf91uzI6/DOAm25Yald72jbbtbb6GFjeA8BVjyqk4aNXpSaevo7p/VE/JXwbPGSaundPVNaplTmeIyHMspaqYKrLEYdNuVGSvK3bk7abxs/Q93KfiHg6sfzZOhNaSjUTcLp2spJa/VITL9bcPue23g1fF/EDLqf8Az+d66Uoym9PpY8qpx/UxC5cDhalST/VNc0Uut1B76rdrcc4zhk30HPoZHm+MTliMV+HTdlCn0WmtqbXrvK/2K1Ph1VeqzGrfa7jJ776eJv6+pnK/jeM+66ADncOCsypq1PM5OytHmdWK+3M0ti5cL5x5l/aK1289S/W36dPoOV/DjP10IGgR4YzdrXMbNJpWnUftfyrXfUifB+aqzjmTuukp1bXvonvf7Dlfw4z9dELalRRTlJpRSu3J2SS3bb2Of1MBn92vxFK3SXkV9v4LlI8D47EtLG4+Uqabbp0nKSe1t0o/dPYcr+HGfdQ1+I8ZmteWHy+9OhCylWd4N/xOW6XaK8zs726ZUPhxKpricbVqN30jeybd387ldfRG45XltHCU1SowUYLXvKT6yk929NyaU2zZhvsvk1/LWst+HmBovmanVf8A1580f8sUk+m5stCFOlFQpxjGK2jBKMV9EWguYSIuVvas5tiEbsoZFONkbfSVwAJUAAARVYdSUAYqBJUhbUiLSqLlCoEsavc8vMOHMFiJOdXD05TlvK3LN+ras7+pngy4ytmVjysNwnl9NqUcNS5lqnNOo17c1z2YyjFWikl2SsiMGTGQuVq91WW8z7lAUxXnfcc77lCiAu533K877loAuVRhzfcsKgGAAABJTp31YFaUOpKAQoAAAAAAAAIqlPqiUAYoJ507kMo2KlTpQAGgAAAAAAAMAAGgAAArGLZNCnYy00tp0+/2JQCVAAAAAAAAAAAAAAAAI5UkRuDRkA3bNMUGS4plrpI3ZpACXwfUp4PqNs0jBJ4PqV8H1GzSIE6pIuUUhs0gVNskjSXUkBm26AAY0AAAAAAAAAAAAAAAAAAAAAAAAAAAAAAAAAAAAAAAAAAAAAf/2Q=='),
	(4, '齋藤', '19091b85bfc4c84fc1b11b807dfe9b113de8f3334d5d5bf8e105d37d7260b8c3', 'USER', '/9j/4AAQSkZJRgABAQAAAQABAAD/2wCEAAkGBxIQEhUQEhIVFRIVFRUQFRUPFRUQDxUVFRUWFhYVFRYYHSggGBolHRUVITEhJSkrLi4uFx8zODMtNygtLisBCgoKDg0OGxAQGislICUtLS0rLS0tLystLSstLS0tLS0rLS0tLS0tLS0tLS0tLS0tLS0tLS0tLS0tLS0rLS0tLf/AABEIAOEA4AMBIgACEQEDEQH/xAAbAAEAAQUBAAAAAAAAAAAAAAAAAwECBAYHBf/EADwQAAIBAgQEBAQEAwYHAAAAAAABAgMRBAUhMQYSQVETImFxBzKBkRQjQlJiscEVM3KSobIkQ2OCotHx/8QAGAEBAQEBAQAAAAAAAAAAAAAAAAIBAwT/xAAgEQEBAAICAgMBAQAAAAAAAAAAAQIREjEDISJBUTIT/9oADAMBAAIRAxEAPwDuIAAAAAAAAAAAtlNIjdVm6ZtMWua7kDZQ3RtP4qKeKiEDTNpvFRXxUQAaNshTXcuMUqnYabtkghVVkkZpmaNrgAY0AAAAAAAAAAAAAACOdSwF0pJEU6jZY2CtJ2AA0AAAAAAABgAAKFQA1fGo0TRlcxgmZYbZQI6dS/uSEqAAAAAAAAACOrO2gFKlToiIAtIAAAAAElOnfVkZ5XG2YvDYKpKLtOVqUH2c3Zv6Lmf0Jyuo3Gbq6fFOAjUdF4impxbUrtqCa3Tnblv6XPYUYySlFppq6ad00+qNH4d4CwtTCQdeF61ReL4kG4SjzfKo200Vt1qzBrYDGZI/EoTdbB815QkvlT/d+1/xxVu6OfLKe66cMb6joUo2KEGSZvSxlJVab02lGWk4vs1/UyakLex1l252aWgA1gAAAAAEtOp0ZEAMoEdKd9CQhQAAAAAtnKxjsvqSuywqRNACSlG5ojB4Oc8c4LC1XQm5SnHSfhRUowemjd1d67K56mU55hcWvyKsZtbx+WoveLs19iecVwutsoEk6XYjKSI034rycqeHoLepVbVrXbsoJW96n+jNzhuvc0vjxp4/L4u1lUjJX1Tbq0/ttv6nPydOnj7bzSgqcFHZRil9ErCFSM1pqtmn690y3F/JL2PKp1OV3Wj/ANCcstV0w8fOWtYzvIJ5ZV/H4N8tJa1qV3yKPXRbw0/7W77bbhkOcU8bRVans9JRe8ZLdP8A99U0ZlKaqR1SaaaknquzTXY0inlOJy7HqWGpyqYTESUZwjtSTfXso3bT7aDr3Ok336vbd/C19Cvg+pjZ3mcMJQniJ/LBXttzSbtGK9W2l9TXfh3Tr1IVMbXnJyryXLGTdlGDkrpdFdtL0iu5fL3pEx9bbM0Csily0AAAAAAjIhK6McvpyszLCJwASoLakrIuIaz1NjKjABTArUq+HTnU/bGU9dF5Vf8AoUMHiWq4YLESW6o1GumvK+pmXTce2o/DDJ6delXxFenGo6tXl/NjGey55S1Wl3U/8TOzv4c0p/mYOcsPWj5o8rbp3W1v1Q90/oeh8N6ajgYW6zqSfq+dr6bL7HvPHRUnF6dL+pxkx4zbt8rleLSMr4vxGDrfhczja+kK6iknru+XSUdvMlddV1N8XLNKUWmmk046pp7NPqY+a5ZSxVN0qseaLTs180W180X0ZztxzLKpywmGi61Ko/yXOLmouTd7WslLunp1993cU6mTomPzChho89apCmu85JN+y3b9jUXmuCzbF0qKjVk6LlVjUjaFOXLyvW/m5b8vbVepFlnw+nVm8RmNaVWpL9EJOy62c9HbpaNkbvgMBSw8eSjTjTjvaCUVfu+79R7vZ8cek843TXfQxKeXpbu6+xmgq4y9sxzuPS2EFFWSsi4A1LQ8HxDz4mvl2YwXLOpJUnNRjT5b3hFtdWrNPe/rY3enRUIKEEoxilGKWiSWiSPE4v4Wp5hTs/LWin4dTs/2y7xf/wAPE4D4lqvnwGJX/F0bxpxlpKpGK0TfVq2/VWfciXV1V2bm43TwmWyjY1HIamcYivGrX5aFBSfNScYptLTlW8n/AImzca2/0OmOW0ZY6RgFCkKgANAABkU5XRcQ0XqTE1sDGkyeo9GY5sKFSgRrAwOJ4c2BxKSbfgVbJXu2oNpaGeXTp89OUP3KUddtVYnLpuPbwPhxWU8DC2ynUjp2U3b30tqZddeaXu/5mu/B2t/w1ai96da/T9UIrbteEnfrc3GpguabbflevqcbLljHpwymGd2ZXez/AG9P6maUiraIqdJNTTjnlyuwAGpeXnXEOHwbgq9Tlc72SjKTst27LRbanpUqiklKLTi0pJrVNPVNGqcbcHPMJU6kKqpzguTzR5k1e91Zppq7+5sGS5esNQp0FJyVOPLzS3fX6b7Eze1WTTNABSQ0j4jcPynGOPw3lxNC021u4Rd7+rjb6q67G7lJK+j2212Ms3NNl1dvK4ZzqGNoKrFrmXkqJbRmt7ej3T7NGbO99Tn9KbybMfD2weI1TtZQ1el/4G/8sjolaPUYX9M5rpCVBQ6OaoADQMACqZkmKZFN6GVsW1tiElrkQjKFYq7KFYPU0Y2Y5thcO1GtWhTk1dKcrOy6+iJ8uzCjXTlRqQqJOzdOSlZ9n2MDN+GsJi6iq1qfNJR8PSUoXje+vK13f3MvKMmoYRONCnyKVnLWUm7bXcm2939zn8tr+OnlcN1cEsTiqeFUlV5+avpLw+a8r8renzSlt69jZDnvwtTlWx1Vu8nUjF+/NVb/AJnQjMLuNzmqAApLl+acZYqGZ+EpNU4Vo0HR5VacZSUVNv5m3dNW7LudKxeJhShKpOSjCCcpN7JIhrZXQnVjiJUoOtBWjUcU5pejNI+LeaVY04YVQtSq2lKo9pNS0ppej5ZfYj3jLa6esrJGfgviThJ1HTnGpT83LGUo80Wm7Ju2se+qN0OL8TYWNGnQhBRXm5NdHJ2WrfXXU7QMMre2+TCY9AALcgAAa/xvkSxuFnBL82F6lJ7NTSen1V19TE+HmffisMqU2/HopU6ila7WqjJfRWfW6f12s5zxDS/svMYY+K/Ir3jVSW0nbmXu9Jru4yRGXq7Xj7nFvs42ZQkc1OKnFpppSTWzT1TIzrHKqFQDWAADQnovQgJqJlIpXIiatsQiFAAaLMdjqeGpSr1XaEVdtJyersrJb6s1bKuOJ43EqjhsO/ATfiVal7pJfNppH7ts26ahOLhNKUWuVqSvFp9GhhsPTpw8OlCMILRRhFRir9kjnZdrlmmk/CNXpYiS1TqR172jv369Tfjn3wdf5OIi35lX1S6Lkil/tZ0EnD+VeT+qAAtAaL8XcPzYWnO78lZeq80ZJX+tjejy+JsoWMw1TDtpOSTi3qlOLvFv0urP0bJym5pWN1duYZ7U8aeDhGzdScXb/FKC0T+v2OxnNuEeDcVHEwr4uyhh1amudTcmr8u36Vdu7s9EdJJ8cv2vy5S30AA6OQAAB5fE2TRxuHnh5Pl5knGVr8s4u8ZW9/8AS56gF9kunj8MU4UqKwirxrToJU6jWjT1aTV9FbRexnyjbQ5/mreU5pHEpv8ADYq/idUne8vazcZezkjotVXVzML9Nzn2hKFQdHNQqAGhLQIiajsZSLqi0McyWjGEbQAGsCWj1IiWh1MpGh/CSStioJJctSDt+q7Uk7rp8p0E558Jl5sbbbxIW72vVOhnLD+XXyf0AAtAAAAAAAAAAAAAA8PjHI1jcNOlZOpH8ylf98U7LfZq8fqeX8N8+WIofh5u1fD/AJbjL53BeWLa7q3K/VepuBoXF3D9fD4hZngl54/3tKCk3PXzNRj8yl+pd0pbkZeruLx9zVbs6WvoUrOFNc05KMVu5tRj92aI/ienFQjhZ/iG+XkcrQT9+Xm36cqIcPwzjM1qrEY+UqVFfJQjeLt6Rfye7V39mb/pvo/z126DRcKkVOElKL2lFqUX7NblJRtoaHwbfAZjXy3mbpSXiU+Z7NJT0W2sZa23cfQ36vuVhltGeOljMimtDHRlIqsgQVVqTllWOhkKgABTBIszTGxw1CpWltThKfq2lol6t2X1JqO5oHF0quZY6OWU5ctGnyzrNfNolKUvopKKXd39ozy1F4Y7rO+EuEccLOs/mq1Xr0agrf7nM3giwmGjShGnBKMIpRilskiUzGamjK7uwAGsAAAAAAAAAAAAAAAo3bV7eoFORXvZX721Ljycy4lwmH/vcRTTtfli+eb9oxuzS8bxNjM1vh8BRlCjJONStUtGSTdrc17R0eyvLcm5SKmNq/JJrGZ3WxEGnToRcU0tH5FS39ZOo17M6BWep5fCfD1PL6HhxfNOT56k3+uXouiWyR6MnfU3xzXbM7u+l9Jak5ZSjZF5VTAAGNY842ZaT1I3RAVE1fR3NA4glLK8y/tBxc6NdeHLl+ZeWCa7J+VNd7NG+p2L6jjNOM4pp6NSSlF+6Jyx2rDLTw6HG+Bkk/G5bq9pxkn/ACsZdHifBydliad/4pcnf91uzI6/DOAm25Yald72jbbtbb6GFjeA8BVjyqk4aNXpSaevo7p/VE/JXwbPGSaundPVNaplTmeIyHMspaqYKrLEYdNuVGSvK3bk7abxs/Q93KfiHg6sfzZOhNaSjUTcLp2spJa/VITL9bcPue23g1fF/EDLqf8Az+d66Uoym9PpY8qpx/UxC5cDhalST/VNc0Uut1B76rdrcc4zhk30HPoZHm+MTliMV+HTdlCn0WmtqbXrvK/2K1Ph1VeqzGrfa7jJ776eJv6+pnK/jeM+66ADncOCsypq1PM5OytHmdWK+3M0ti5cL5x5l/aK1289S/W36dPoOV/DjP10IGgR4YzdrXMbNJpWnUftfyrXfUifB+aqzjmTuukp1bXvonvf7Dlfw4z9dELalRRTlJpRSu3J2SS3bb2Of1MBn92vxFK3SXkV9v4LlI8D47EtLG4+Uqabbp0nKSe1t0o/dPYcr+HGfdQ1+I8ZmteWHy+9OhCylWd4N/xOW6XaK8zs726ZUPhxKpricbVqN30jeybd387ldfRG45XltHCU1SowUYLXvKT6yk929NyaU2zZhvsvk1/LWst+HmBovmanVf8A1580f8sUk+m5stCFOlFQpxjGK2jBKMV9EWguYSIuVvas5tiEbsoZFONkbfSVwAJUAAARVYdSUAYqBJUhbUiLSqLlCoEsavc8vMOHMFiJOdXD05TlvK3LN+ras7+pngy4ytmVjysNwnl9NqUcNS5lqnNOo17c1z2YyjFWikl2SsiMGTGQuVq91WW8z7lAUxXnfcc77lCiAu533K877loAuVRhzfcsKgGAAABJTp31YFaUOpKAQoAAAAAAAAIqlPqiUAYoJ507kMo2KlTpQAGgAAAAAAAMAAGgAAArGLZNCnYy00tp0+/2JQCVAAAAAAAAAAAAAAAAI5UkRuDRkA3bNMUGS4plrpI3ZpACXwfUp4PqNs0jBJ4PqV8H1GzSIE6pIuUUhs0gVNskjSXUkBm26AAY0AAAAAAAAAAAAAAAAAAAAAAAAAAAAAAAAAAAAAAAAAAAAAf/2Q=='),
	(5, '関口', 'dde7ec1b1c877eebfffe56375031b501020511b7058bd622c2315e26aa09bfe7', 'USER', '/9j/4AAQSkZJRgABAQAAAQABAAD/2wCEAAkGBxIQEhUQEhIVFRIVFRUQFRUPFRUQDxUVFRUWFhYVFRYYHSggGBolHRUVITEhJSkrLi4uFx8zODMtNygtLisBCgoKDg0OGxAQGislICUtLS0rLS0tLystLSstLS0tLS0rLS0tLS0tLS0tLS0tLS0tLS0tLS0tLS0tLS0rLS0tLf/AABEIAOEA4AMBIgACEQEDEQH/xAAbAAEAAQUBAAAAAAAAAAAAAAAAAwECBAYHBf/EADwQAAIBAgQEBAQEAwYHAAAAAAABAgMRBAUhMQYSQVETImFxBzKBkRQjQlJiscEVM3KSobIkQ2OCotHx/8QAGAEBAQEBAQAAAAAAAAAAAAAAAAIBAwT/xAAgEQEBAAICAgMBAQAAAAAAAAAAAQIREjEDISJBUTIT/9oADAMBAAIRAxEAPwDuIAAAAAAAAAAAtlNIjdVm6ZtMWua7kDZQ3RtP4qKeKiEDTNpvFRXxUQAaNshTXcuMUqnYabtkghVVkkZpmaNrgAY0AAAAAAAAAAAAAACOdSwF0pJEU6jZY2CtJ2AA0AAAAAAABgAAKFQA1fGo0TRlcxgmZYbZQI6dS/uSEqAAAAAAAAACOrO2gFKlToiIAtIAAAAAElOnfVkZ5XG2YvDYKpKLtOVqUH2c3Zv6Lmf0Jyuo3Gbq6fFOAjUdF4impxbUrtqCa3Tnblv6XPYUYySlFppq6ad00+qNH4d4CwtTCQdeF61ReL4kG4SjzfKo200Vt1qzBrYDGZI/EoTdbB815QkvlT/d+1/xxVu6OfLKe66cMb6joUo2KEGSZvSxlJVab02lGWk4vs1/UyakLex1l252aWgA1gAAAAAEtOp0ZEAMoEdKd9CQhQAAAAAtnKxjsvqSuywqRNACSlG5ojB4Oc8c4LC1XQm5SnHSfhRUowemjd1d67K56mU55hcWvyKsZtbx+WoveLs19iecVwutsoEk6XYjKSI034rycqeHoLepVbVrXbsoJW96n+jNzhuvc0vjxp4/L4u1lUjJX1Tbq0/ttv6nPydOnj7bzSgqcFHZRil9ErCFSM1pqtmn690y3F/JL2PKp1OV3Wj/ANCcstV0w8fOWtYzvIJ5ZV/H4N8tJa1qV3yKPXRbw0/7W77bbhkOcU8bRVans9JRe8ZLdP8A99U0ZlKaqR1SaaaknquzTXY0inlOJy7HqWGpyqYTESUZwjtSTfXso3bT7aDr3Ok336vbd/C19Cvg+pjZ3mcMJQniJ/LBXttzSbtGK9W2l9TXfh3Tr1IVMbXnJyryXLGTdlGDkrpdFdtL0iu5fL3pEx9bbM0Csily0AAAAAAjIhK6McvpyszLCJwASoLakrIuIaz1NjKjABTArUq+HTnU/bGU9dF5Vf8AoUMHiWq4YLESW6o1GumvK+pmXTce2o/DDJ6delXxFenGo6tXl/NjGey55S1Wl3U/8TOzv4c0p/mYOcsPWj5o8rbp3W1v1Q90/oeh8N6ajgYW6zqSfq+dr6bL7HvPHRUnF6dL+pxkx4zbt8rleLSMr4vxGDrfhczja+kK6iknru+XSUdvMlddV1N8XLNKUWmmk046pp7NPqY+a5ZSxVN0qseaLTs180W180X0ZztxzLKpywmGi61Ko/yXOLmouTd7WslLunp1993cU6mTomPzChho89apCmu85JN+y3b9jUXmuCzbF0qKjVk6LlVjUjaFOXLyvW/m5b8vbVepFlnw+nVm8RmNaVWpL9EJOy62c9HbpaNkbvgMBSw8eSjTjTjvaCUVfu+79R7vZ8cek843TXfQxKeXpbu6+xmgq4y9sxzuPS2EFFWSsi4A1LQ8HxDz4mvl2YwXLOpJUnNRjT5b3hFtdWrNPe/rY3enRUIKEEoxilGKWiSWiSPE4v4Wp5hTs/LWin4dTs/2y7xf/wAPE4D4lqvnwGJX/F0bxpxlpKpGK0TfVq2/VWfciXV1V2bm43TwmWyjY1HIamcYivGrX5aFBSfNScYptLTlW8n/AImzca2/0OmOW0ZY6RgFCkKgANAABkU5XRcQ0XqTE1sDGkyeo9GY5sKFSgRrAwOJ4c2BxKSbfgVbJXu2oNpaGeXTp89OUP3KUddtVYnLpuPbwPhxWU8DC2ynUjp2U3b30tqZddeaXu/5mu/B2t/w1ai96da/T9UIrbteEnfrc3GpguabbflevqcbLljHpwymGd2ZXez/AG9P6maUiraIqdJNTTjnlyuwAGpeXnXEOHwbgq9Tlc72SjKTst27LRbanpUqiklKLTi0pJrVNPVNGqcbcHPMJU6kKqpzguTzR5k1e91Zppq7+5sGS5esNQp0FJyVOPLzS3fX6b7Eze1WTTNABSQ0j4jcPynGOPw3lxNC021u4Rd7+rjb6q67G7lJK+j2212Ms3NNl1dvK4ZzqGNoKrFrmXkqJbRmt7ej3T7NGbO99Tn9KbybMfD2weI1TtZQ1el/4G/8sjolaPUYX9M5rpCVBQ6OaoADQMACqZkmKZFN6GVsW1tiElrkQjKFYq7KFYPU0Y2Y5thcO1GtWhTk1dKcrOy6+iJ8uzCjXTlRqQqJOzdOSlZ9n2MDN+GsJi6iq1qfNJR8PSUoXje+vK13f3MvKMmoYRONCnyKVnLWUm7bXcm2939zn8tr+OnlcN1cEsTiqeFUlV5+avpLw+a8r8renzSlt69jZDnvwtTlWx1Vu8nUjF+/NVb/AJnQjMLuNzmqAApLl+acZYqGZ+EpNU4Vo0HR5VacZSUVNv5m3dNW7LudKxeJhShKpOSjCCcpN7JIhrZXQnVjiJUoOtBWjUcU5pejNI+LeaVY04YVQtSq2lKo9pNS0ppej5ZfYj3jLa6esrJGfgviThJ1HTnGpT83LGUo80Wm7Ju2se+qN0OL8TYWNGnQhBRXm5NdHJ2WrfXXU7QMMre2+TCY9AALcgAAa/xvkSxuFnBL82F6lJ7NTSen1V19TE+HmffisMqU2/HopU6ila7WqjJfRWfW6f12s5zxDS/svMYY+K/Ir3jVSW0nbmXu9Jru4yRGXq7Xj7nFvs42ZQkc1OKnFpppSTWzT1TIzrHKqFQDWAADQnovQgJqJlIpXIiatsQiFAAaLMdjqeGpSr1XaEVdtJyersrJb6s1bKuOJ43EqjhsO/ATfiVal7pJfNppH7ts26ahOLhNKUWuVqSvFp9GhhsPTpw8OlCMILRRhFRir9kjnZdrlmmk/CNXpYiS1TqR172jv369Tfjn3wdf5OIi35lX1S6Lkil/tZ0EnD+VeT+qAAtAaL8XcPzYWnO78lZeq80ZJX+tjejy+JsoWMw1TDtpOSTi3qlOLvFv0urP0bJym5pWN1duYZ7U8aeDhGzdScXb/FKC0T+v2OxnNuEeDcVHEwr4uyhh1amudTcmr8u36Vdu7s9EdJJ8cv2vy5S30AA6OQAAB5fE2TRxuHnh5Pl5knGVr8s4u8ZW9/8AS56gF9kunj8MU4UqKwirxrToJU6jWjT1aTV9FbRexnyjbQ5/mreU5pHEpv8ADYq/idUne8vazcZezkjotVXVzML9Nzn2hKFQdHNQqAGhLQIiajsZSLqi0McyWjGEbQAGsCWj1IiWh1MpGh/CSStioJJctSDt+q7Uk7rp8p0E558Jl5sbbbxIW72vVOhnLD+XXyf0AAtAAAAAAAAAAAAAA8PjHI1jcNOlZOpH8ylf98U7LfZq8fqeX8N8+WIofh5u1fD/AJbjL53BeWLa7q3K/VepuBoXF3D9fD4hZngl54/3tKCk3PXzNRj8yl+pd0pbkZeruLx9zVbs6WvoUrOFNc05KMVu5tRj92aI/ienFQjhZ/iG+XkcrQT9+Xm36cqIcPwzjM1qrEY+UqVFfJQjeLt6Rfye7V39mb/pvo/z126DRcKkVOElKL2lFqUX7NblJRtoaHwbfAZjXy3mbpSXiU+Z7NJT0W2sZa23cfQ36vuVhltGeOljMimtDHRlIqsgQVVqTllWOhkKgABTBIszTGxw1CpWltThKfq2lol6t2X1JqO5oHF0quZY6OWU5ctGnyzrNfNolKUvopKKXd39ozy1F4Y7rO+EuEccLOs/mq1Xr0agrf7nM3giwmGjShGnBKMIpRilskiUzGamjK7uwAGsAAAAAAAAAAAAAAAo3bV7eoFORXvZX721Ljycy4lwmH/vcRTTtfli+eb9oxuzS8bxNjM1vh8BRlCjJONStUtGSTdrc17R0eyvLcm5SKmNq/JJrGZ3WxEGnToRcU0tH5FS39ZOo17M6BWep5fCfD1PL6HhxfNOT56k3+uXouiWyR6MnfU3xzXbM7u+l9Jak5ZSjZF5VTAAGNY842ZaT1I3RAVE1fR3NA4glLK8y/tBxc6NdeHLl+ZeWCa7J+VNd7NG+p2L6jjNOM4pp6NSSlF+6Jyx2rDLTw6HG+Bkk/G5bq9pxkn/ACsZdHifBydliad/4pcnf91uzI6/DOAm25Yald72jbbtbb6GFjeA8BVjyqk4aNXpSaevo7p/VE/JXwbPGSaundPVNaplTmeIyHMspaqYKrLEYdNuVGSvK3bk7abxs/Q93KfiHg6sfzZOhNaSjUTcLp2spJa/VITL9bcPue23g1fF/EDLqf8Az+d66Uoym9PpY8qpx/UxC5cDhalST/VNc0Uut1B76rdrcc4zhk30HPoZHm+MTliMV+HTdlCn0WmtqbXrvK/2K1Ph1VeqzGrfa7jJ776eJv6+pnK/jeM+66ADncOCsypq1PM5OytHmdWK+3M0ti5cL5x5l/aK1289S/W36dPoOV/DjP10IGgR4YzdrXMbNJpWnUftfyrXfUifB+aqzjmTuukp1bXvonvf7Dlfw4z9dELalRRTlJpRSu3J2SS3bb2Of1MBn92vxFK3SXkV9v4LlI8D47EtLG4+Uqabbp0nKSe1t0o/dPYcr+HGfdQ1+I8ZmteWHy+9OhCylWd4N/xOW6XaK8zs726ZUPhxKpricbVqN30jeybd387ldfRG45XltHCU1SowUYLXvKT6yk929NyaU2zZhvsvk1/LWst+HmBovmanVf8A1580f8sUk+m5stCFOlFQpxjGK2jBKMV9EWguYSIuVvas5tiEbsoZFONkbfSVwAJUAAARVYdSUAYqBJUhbUiLSqLlCoEsavc8vMOHMFiJOdXD05TlvK3LN+ras7+pngy4ytmVjysNwnl9NqUcNS5lqnNOo17c1z2YyjFWikl2SsiMGTGQuVq91WW8z7lAUxXnfcc77lCiAu533K877loAuVRhzfcsKgGAAABJTp31YFaUOpKAQoAAAAAAAAIqlPqiUAYoJ507kMo2KlTpQAGgAAAAAAAMAAGgAAArGLZNCnYy00tp0+/2JQCVAAAAAAAAAAAAAAAAI5UkRuDRkA3bNMUGS4plrpI3ZpACXwfUp4PqNs0jBJ4PqV8H1GzSIE6pIuUUhs0gVNskjSXUkBm26AAY0AAAAAAAAAAAAAAAAAAAAAAAAAAAAAAAAAAAAAAAAAAAAAf/2Q=='),
    (6, '湯山', 'b21976062078d4b6c9c3ff32df5b24c3c6f53bc377cbe64142d83c80f5169464', 'USER', '/9j/4AAQSkZJRgABAQAAAQABAAD/2wCEAAkGBxIQEhUQEhIVFRIVFRUQFRUPFRUQDxUVFRUWFhYVFRYYHSggGBolHRUVITEhJSkrLi4uFx8zODMtNygtLisBCgoKDg0OGxAQGislICUtLS0rLS0tLystLSstLS0tLS0rLS0tLS0tLS0tLS0tLS0tLS0tLS0tLS0tLS0rLS0tLf/AABEIAOEA4AMBIgACEQEDEQH/xAAbAAEAAQUBAAAAAAAAAAAAAAAAAwECBAYHBf/EADwQAAIBAgQEBAQEAwYHAAAAAAABAgMRBAUhMQYSQVETImFxBzKBkRQjQlJiscEVM3KSobIkQ2OCotHx/8QAGAEBAQEBAQAAAAAAAAAAAAAAAAIBAwT/xAAgEQEBAAICAgMBAQAAAAAAAAAAAQIREjEDISJBUTIT/9oADAMBAAIRAxEAPwDuIAAAAAAAAAAAtlNIjdVm6ZtMWua7kDZQ3RtP4qKeKiEDTNpvFRXxUQAaNshTXcuMUqnYabtkghVVkkZpmaNrgAY0AAAAAAAAAAAAAACOdSwF0pJEU6jZY2CtJ2AA0AAAAAAABgAAKFQA1fGo0TRlcxgmZYbZQI6dS/uSEqAAAAAAAAACOrO2gFKlToiIAtIAAAAAElOnfVkZ5XG2YvDYKpKLtOVqUH2c3Zv6Lmf0Jyuo3Gbq6fFOAjUdF4impxbUrtqCa3Tnblv6XPYUYySlFppq6ad00+qNH4d4CwtTCQdeF61ReL4kG4SjzfKo200Vt1qzBrYDGZI/EoTdbB815QkvlT/d+1/xxVu6OfLKe66cMb6joUo2KEGSZvSxlJVab02lGWk4vs1/UyakLex1l252aWgA1gAAAAAEtOp0ZEAMoEdKd9CQhQAAAAAtnKxjsvqSuywqRNACSlG5ojB4Oc8c4LC1XQm5SnHSfhRUowemjd1d67K56mU55hcWvyKsZtbx+WoveLs19iecVwutsoEk6XYjKSI034rycqeHoLepVbVrXbsoJW96n+jNzhuvc0vjxp4/L4u1lUjJX1Tbq0/ttv6nPydOnj7bzSgqcFHZRil9ErCFSM1pqtmn690y3F/JL2PKp1OV3Wj/ANCcstV0w8fOWtYzvIJ5ZV/H4N8tJa1qV3yKPXRbw0/7W77bbhkOcU8bRVans9JRe8ZLdP8A99U0ZlKaqR1SaaaknquzTXY0inlOJy7HqWGpyqYTESUZwjtSTfXso3bT7aDr3Ok336vbd/C19Cvg+pjZ3mcMJQniJ/LBXttzSbtGK9W2l9TXfh3Tr1IVMbXnJyryXLGTdlGDkrpdFdtL0iu5fL3pEx9bbM0Csily0AAAAAAjIhK6McvpyszLCJwASoLakrIuIaz1NjKjABTArUq+HTnU/bGU9dF5Vf8AoUMHiWq4YLESW6o1GumvK+pmXTce2o/DDJ6delXxFenGo6tXl/NjGey55S1Wl3U/8TOzv4c0p/mYOcsPWj5o8rbp3W1v1Q90/oeh8N6ajgYW6zqSfq+dr6bL7HvPHRUnF6dL+pxkx4zbt8rleLSMr4vxGDrfhczja+kK6iknru+XSUdvMlddV1N8XLNKUWmmk046pp7NPqY+a5ZSxVN0qseaLTs180W180X0ZztxzLKpywmGi61Ko/yXOLmouTd7WslLunp1993cU6mTomPzChho89apCmu85JN+y3b9jUXmuCzbF0qKjVk6LlVjUjaFOXLyvW/m5b8vbVepFlnw+nVm8RmNaVWpL9EJOy62c9HbpaNkbvgMBSw8eSjTjTjvaCUVfu+79R7vZ8cek843TXfQxKeXpbu6+xmgq4y9sxzuPS2EFFWSsi4A1LQ8HxDz4mvl2YwXLOpJUnNRjT5b3hFtdWrNPe/rY3enRUIKEEoxilGKWiSWiSPE4v4Wp5hTs/LWin4dTs/2y7xf/wAPE4D4lqvnwGJX/F0bxpxlpKpGK0TfVq2/VWfciXV1V2bm43TwmWyjY1HIamcYivGrX5aFBSfNScYptLTlW8n/AImzca2/0OmOW0ZY6RgFCkKgANAABkU5XRcQ0XqTE1sDGkyeo9GY5sKFSgRrAwOJ4c2BxKSbfgVbJXu2oNpaGeXTp89OUP3KUddtVYnLpuPbwPhxWU8DC2ynUjp2U3b30tqZddeaXu/5mu/B2t/w1ai96da/T9UIrbteEnfrc3GpguabbflevqcbLljHpwymGd2ZXez/AG9P6maUiraIqdJNTTjnlyuwAGpeXnXEOHwbgq9Tlc72SjKTst27LRbanpUqiklKLTi0pJrVNPVNGqcbcHPMJU6kKqpzguTzR5k1e91Zppq7+5sGS5esNQp0FJyVOPLzS3fX6b7Eze1WTTNABSQ0j4jcPynGOPw3lxNC021u4Rd7+rjb6q67G7lJK+j2212Ms3NNl1dvK4ZzqGNoKrFrmXkqJbRmt7ej3T7NGbO99Tn9KbybMfD2weI1TtZQ1el/4G/8sjolaPUYX9M5rpCVBQ6OaoADQMACqZkmKZFN6GVsW1tiElrkQjKFYq7KFYPU0Y2Y5thcO1GtWhTk1dKcrOy6+iJ8uzCjXTlRqQqJOzdOSlZ9n2MDN+GsJi6iq1qfNJR8PSUoXje+vK13f3MvKMmoYRONCnyKVnLWUm7bXcm2939zn8tr+OnlcN1cEsTiqeFUlV5+avpLw+a8r8renzSlt69jZDnvwtTlWx1Vu8nUjF+/NVb/AJnQjMLuNzmqAApLl+acZYqGZ+EpNU4Vo0HR5VacZSUVNv5m3dNW7LudKxeJhShKpOSjCCcpN7JIhrZXQnVjiJUoOtBWjUcU5pejNI+LeaVY04YVQtSq2lKo9pNS0ppej5ZfYj3jLa6esrJGfgviThJ1HTnGpT83LGUo80Wm7Ju2se+qN0OL8TYWNGnQhBRXm5NdHJ2WrfXXU7QMMre2+TCY9AALcgAAa/xvkSxuFnBL82F6lJ7NTSen1V19TE+HmffisMqU2/HopU6ila7WqjJfRWfW6f12s5zxDS/svMYY+K/Ir3jVSW0nbmXu9Jru4yRGXq7Xj7nFvs42ZQkc1OKnFpppSTWzT1TIzrHKqFQDWAADQnovQgJqJlIpXIiatsQiFAAaLMdjqeGpSr1XaEVdtJyersrJb6s1bKuOJ43EqjhsO/ATfiVal7pJfNppH7ts26ahOLhNKUWuVqSvFp9GhhsPTpw8OlCMILRRhFRir9kjnZdrlmmk/CNXpYiS1TqR172jv369Tfjn3wdf5OIi35lX1S6Lkil/tZ0EnD+VeT+qAAtAaL8XcPzYWnO78lZeq80ZJX+tjejy+JsoWMw1TDtpOSTi3qlOLvFv0urP0bJym5pWN1duYZ7U8aeDhGzdScXb/FKC0T+v2OxnNuEeDcVHEwr4uyhh1amudTcmr8u36Vdu7s9EdJJ8cv2vy5S30AA6OQAAB5fE2TRxuHnh5Pl5knGVr8s4u8ZW9/8AS56gF9kunj8MU4UqKwirxrToJU6jWjT1aTV9FbRexnyjbQ5/mreU5pHEpv8ADYq/idUne8vazcZezkjotVXVzML9Nzn2hKFQdHNQqAGhLQIiajsZSLqi0McyWjGEbQAGsCWj1IiWh1MpGh/CSStioJJctSDt+q7Uk7rp8p0E558Jl5sbbbxIW72vVOhnLD+XXyf0AAtAAAAAAAAAAAAAA8PjHI1jcNOlZOpH8ylf98U7LfZq8fqeX8N8+WIofh5u1fD/AJbjL53BeWLa7q3K/VepuBoXF3D9fD4hZngl54/3tKCk3PXzNRj8yl+pd0pbkZeruLx9zVbs6WvoUrOFNc05KMVu5tRj92aI/ienFQjhZ/iG+XkcrQT9+Xm36cqIcPwzjM1qrEY+UqVFfJQjeLt6Rfye7V39mb/pvo/z126DRcKkVOElKL2lFqUX7NblJRtoaHwbfAZjXy3mbpSXiU+Z7NJT0W2sZa23cfQ36vuVhltGeOljMimtDHRlIqsgQVVqTllWOhkKgABTBIszTGxw1CpWltThKfq2lol6t2X1JqO5oHF0quZY6OWU5ctGnyzrNfNolKUvopKKXd39ozy1F4Y7rO+EuEccLOs/mq1Xr0agrf7nM3giwmGjShGnBKMIpRilskiUzGamjK7uwAGsAAAAAAAAAAAAAAAo3bV7eoFORXvZX721Ljycy4lwmH/vcRTTtfli+eb9oxuzS8bxNjM1vh8BRlCjJONStUtGSTdrc17R0eyvLcm5SKmNq/JJrGZ3WxEGnToRcU0tH5FS39ZOo17M6BWep5fCfD1PL6HhxfNOT56k3+uXouiWyR6MnfU3xzXbM7u+l9Jak5ZSjZF5VTAAGNY842ZaT1I3RAVE1fR3NA4glLK8y/tBxc6NdeHLl+ZeWCa7J+VNd7NG+p2L6jjNOM4pp6NSSlF+6Jyx2rDLTw6HG+Bkk/G5bq9pxkn/ACsZdHifBydliad/4pcnf91uzI6/DOAm25Yald72jbbtbb6GFjeA8BVjyqk4aNXpSaevo7p/VE/JXwbPGSaundPVNaplTmeIyHMspaqYKrLEYdNuVGSvK3bk7abxs/Q93KfiHg6sfzZOhNaSjUTcLp2spJa/VITL9bcPue23g1fF/EDLqf8Az+d66Uoym9PpY8qpx/UxC5cDhalST/VNc0Uut1B76rdrcc4zhk30HPoZHm+MTliMV+HTdlCn0WmtqbXrvK/2K1Ph1VeqzGrfa7jJ776eJv6+pnK/jeM+66ADncOCsypq1PM5OytHmdWK+3M0ti5cL5x5l/aK1289S/W36dPoOV/DjP10IGgR4YzdrXMbNJpWnUftfyrXfUifB+aqzjmTuukp1bXvonvf7Dlfw4z9dELalRRTlJpRSu3J2SS3bb2Of1MBn92vxFK3SXkV9v4LlI8D47EtLG4+Uqabbp0nKSe1t0o/dPYcr+HGfdQ1+I8ZmteWHy+9OhCylWd4N/xOW6XaK8zs726ZUPhxKpricbVqN30jeybd387ldfRG45XltHCU1SowUYLXvKT6yk929NyaU2zZhvsvk1/LWst+HmBovmanVf8A1580f8sUk+m5stCFOlFQpxjGK2jBKMV9EWguYSIuVvas5tiEbsoZFONkbfSVwAJUAAARVYdSUAYqBJUhbUiLSqLlCoEsavc8vMOHMFiJOdXD05TlvK3LN+ras7+pngy4ytmVjysNwnl9NqUcNS5lqnNOo17c1z2YyjFWikl2SsiMGTGQuVq91WW8z7lAUxXnfcc77lCiAu533K877loAuVRhzfcsKgGAAABJTp31YFaUOpKAQoAAAAAAAAIqlPqiUAYoJ507kMo2KlTpQAGgAAAAAAAMAAGgAAArGLZNCnYy00tp0+/2JQCVAAAAAAAAAAAAAAAAI5UkRuDRkA3bNMUGS4plrpI3ZpACXwfUp4PqNs0jBJ4PqV8H1GzSIE6pIuUUhs0gVNskjSXUkBm26AAY0AAAAAAAAAAAAAAAAAAAAAAAAAAAAAAAAAAAAAAAAAAAAAf/2Q=='),
    (7, '富山', 'b18dabdfaee1b992916a1f1bafefead4c21d3db75fb5398d3ea5db26f2776b62', 'USER', '/9j/4AAQSkZJRgABAQAAAQABAAD/2wCEAAkGBxIQEhUQEhIVFRIVFRUQFRUPFRUQDxUVFRUWFhYVFRYYHSggGBolHRUVITEhJSkrLi4uFx8zODMtNygtLisBCgoKDg0OGxAQGislICUtLS0rLS0tLystLSstLS0tLS0rLS0tLS0tLS0tLS0tLS0tLS0tLS0tLS0tLS0rLS0tLf/AABEIAOEA4AMBIgACEQEDEQH/xAAbAAEAAQUBAAAAAAAAAAAAAAAAAwECBAYHBf/EADwQAAIBAgQEBAQEAwYHAAAAAAABAgMRBAUhMQYSQVETImFxBzKBkRQjQlJiscEVM3KSobIkQ2OCotHx/8QAGAEBAQEBAQAAAAAAAAAAAAAAAAIBAwT/xAAgEQEBAAICAgMBAQAAAAAAAAAAAQIREjEDISJBUTIT/9oADAMBAAIRAxEAPwDuIAAAAAAAAAAAtlNIjdVm6ZtMWua7kDZQ3RtP4qKeKiEDTNpvFRXxUQAaNshTXcuMUqnYabtkghVVkkZpmaNrgAY0AAAAAAAAAAAAAACOdSwF0pJEU6jZY2CtJ2AA0AAAAAAABgAAKFQA1fGo0TRlcxgmZYbZQI6dS/uSEqAAAAAAAAACOrO2gFKlToiIAtIAAAAAElOnfVkZ5XG2YvDYKpKLtOVqUH2c3Zv6Lmf0Jyuo3Gbq6fFOAjUdF4impxbUrtqCa3Tnblv6XPYUYySlFppq6ad00+qNH4d4CwtTCQdeF61ReL4kG4SjzfKo200Vt1qzBrYDGZI/EoTdbB815QkvlT/d+1/xxVu6OfLKe66cMb6joUo2KEGSZvSxlJVab02lGWk4vs1/UyakLex1l252aWgA1gAAAAAEtOp0ZEAMoEdKd9CQhQAAAAAtnKxjsvqSuywqRNACSlG5ojB4Oc8c4LC1XQm5SnHSfhRUowemjd1d67K56mU55hcWvyKsZtbx+WoveLs19iecVwutsoEk6XYjKSI034rycqeHoLepVbVrXbsoJW96n+jNzhuvc0vjxp4/L4u1lUjJX1Tbq0/ttv6nPydOnj7bzSgqcFHZRil9ErCFSM1pqtmn690y3F/JL2PKp1OV3Wj/ANCcstV0w8fOWtYzvIJ5ZV/H4N8tJa1qV3yKPXRbw0/7W77bbhkOcU8bRVans9JRe8ZLdP8A99U0ZlKaqR1SaaaknquzTXY0inlOJy7HqWGpyqYTESUZwjtSTfXso3bT7aDr3Ok336vbd/C19Cvg+pjZ3mcMJQniJ/LBXttzSbtGK9W2l9TXfh3Tr1IVMbXnJyryXLGTdlGDkrpdFdtL0iu5fL3pEx9bbM0Csily0AAAAAAjIhK6McvpyszLCJwASoLakrIuIaz1NjKjABTArUq+HTnU/bGU9dF5Vf8AoUMHiWq4YLESW6o1GumvK+pmXTce2o/DDJ6delXxFenGo6tXl/NjGey55S1Wl3U/8TOzv4c0p/mYOcsPWj5o8rbp3W1v1Q90/oeh8N6ajgYW6zqSfq+dr6bL7HvPHRUnF6dL+pxkx4zbt8rleLSMr4vxGDrfhczja+kK6iknru+XSUdvMlddV1N8XLNKUWmmk046pp7NPqY+a5ZSxVN0qseaLTs180W180X0ZztxzLKpywmGi61Ko/yXOLmouTd7WslLunp1993cU6mTomPzChho89apCmu85JN+y3b9jUXmuCzbF0qKjVk6LlVjUjaFOXLyvW/m5b8vbVepFlnw+nVm8RmNaVWpL9EJOy62c9HbpaNkbvgMBSw8eSjTjTjvaCUVfu+79R7vZ8cek843TXfQxKeXpbu6+xmgq4y9sxzuPS2EFFWSsi4A1LQ8HxDz4mvl2YwXLOpJUnNRjT5b3hFtdWrNPe/rY3enRUIKEEoxilGKWiSWiSPE4v4Wp5hTs/LWin4dTs/2y7xf/wAPE4D4lqvnwGJX/F0bxpxlpKpGK0TfVq2/VWfciXV1V2bm43TwmWyjY1HIamcYivGrX5aFBSfNScYptLTlW8n/AImzca2/0OmOW0ZY6RgFCkKgANAABkU5XRcQ0XqTE1sDGkyeo9GY5sKFSgRrAwOJ4c2BxKSbfgVbJXu2oNpaGeXTp89OUP3KUddtVYnLpuPbwPhxWU8DC2ynUjp2U3b30tqZddeaXu/5mu/B2t/w1ai96da/T9UIrbteEnfrc3GpguabbflevqcbLljHpwymGd2ZXez/AG9P6maUiraIqdJNTTjnlyuwAGpeXnXEOHwbgq9Tlc72SjKTst27LRbanpUqiklKLTi0pJrVNPVNGqcbcHPMJU6kKqpzguTzR5k1e91Zppq7+5sGS5esNQp0FJyVOPLzS3fX6b7Eze1WTTNABSQ0j4jcPynGOPw3lxNC021u4Rd7+rjb6q67G7lJK+j2212Ms3NNl1dvK4ZzqGNoKrFrmXkqJbRmt7ej3T7NGbO99Tn9KbybMfD2weI1TtZQ1el/4G/8sjolaPUYX9M5rpCVBQ6OaoADQMACqZkmKZFN6GVsW1tiElrkQjKFYq7KFYPU0Y2Y5thcO1GtWhTk1dKcrOy6+iJ8uzCjXTlRqQqJOzdOSlZ9n2MDN+GsJi6iq1qfNJR8PSUoXje+vK13f3MvKMmoYRONCnyKVnLWUm7bXcm2939zn8tr+OnlcN1cEsTiqeFUlV5+avpLw+a8r8renzSlt69jZDnvwtTlWx1Vu8nUjF+/NVb/AJnQjMLuNzmqAApLl+acZYqGZ+EpNU4Vo0HR5VacZSUVNv5m3dNW7LudKxeJhShKpOSjCCcpN7JIhrZXQnVjiJUoOtBWjUcU5pejNI+LeaVY04YVQtSq2lKo9pNS0ppej5ZfYj3jLa6esrJGfgviThJ1HTnGpT83LGUo80Wm7Ju2se+qN0OL8TYWNGnQhBRXm5NdHJ2WrfXXU7QMMre2+TCY9AALcgAAa/xvkSxuFnBL82F6lJ7NTSen1V19TE+HmffisMqU2/HopU6ila7WqjJfRWfW6f12s5zxDS/svMYY+K/Ir3jVSW0nbmXu9Jru4yRGXq7Xj7nFvs42ZQkc1OKnFpppSTWzT1TIzrHKqFQDWAADQnovQgJqJlIpXIiatsQiFAAaLMdjqeGpSr1XaEVdtJyersrJb6s1bKuOJ43EqjhsO/ATfiVal7pJfNppH7ts26ahOLhNKUWuVqSvFp9GhhsPTpw8OlCMILRRhFRir9kjnZdrlmmk/CNXpYiS1TqR172jv369Tfjn3wdf5OIi35lX1S6Lkil/tZ0EnD+VeT+qAAtAaL8XcPzYWnO78lZeq80ZJX+tjejy+JsoWMw1TDtpOSTi3qlOLvFv0urP0bJym5pWN1duYZ7U8aeDhGzdScXb/FKC0T+v2OxnNuEeDcVHEwr4uyhh1amudTcmr8u36Vdu7s9EdJJ8cv2vy5S30AA6OQAAB5fE2TRxuHnh5Pl5knGVr8s4u8ZW9/8AS56gF9kunj8MU4UqKwirxrToJU6jWjT1aTV9FbRexnyjbQ5/mreU5pHEpv8ADYq/idUne8vazcZezkjotVXVzML9Nzn2hKFQdHNQqAGhLQIiajsZSLqi0McyWjGEbQAGsCWj1IiWh1MpGh/CSStioJJctSDt+q7Uk7rp8p0E558Jl5sbbbxIW72vVOhnLD+XXyf0AAtAAAAAAAAAAAAAA8PjHI1jcNOlZOpH8ylf98U7LfZq8fqeX8N8+WIofh5u1fD/AJbjL53BeWLa7q3K/VepuBoXF3D9fD4hZngl54/3tKCk3PXzNRj8yl+pd0pbkZeruLx9zVbs6WvoUrOFNc05KMVu5tRj92aI/ienFQjhZ/iG+XkcrQT9+Xm36cqIcPwzjM1qrEY+UqVFfJQjeLt6Rfye7V39mb/pvo/z126DRcKkVOElKL2lFqUX7NblJRtoaHwbfAZjXy3mbpSXiU+Z7NJT0W2sZa23cfQ36vuVhltGeOljMimtDHRlIqsgQVVqTllWOhkKgABTBIszTGxw1CpWltThKfq2lol6t2X1JqO5oHF0quZY6OWU5ctGnyzrNfNolKUvopKKXd39ozy1F4Y7rO+EuEccLOs/mq1Xr0agrf7nM3giwmGjShGnBKMIpRilskiUzGamjK7uwAGsAAAAAAAAAAAAAAAo3bV7eoFORXvZX721Ljycy4lwmH/vcRTTtfli+eb9oxuzS8bxNjM1vh8BRlCjJONStUtGSTdrc17R0eyvLcm5SKmNq/JJrGZ3WxEGnToRcU0tH5FS39ZOo17M6BWep5fCfD1PL6HhxfNOT56k3+uXouiWyR6MnfU3xzXbM7u+l9Jak5ZSjZF5VTAAGNY842ZaT1I3RAVE1fR3NA4glLK8y/tBxc6NdeHLl+ZeWCa7J+VNd7NG+p2L6jjNOM4pp6NSSlF+6Jyx2rDLTw6HG+Bkk/G5bq9pxkn/ACsZdHifBydliad/4pcnf91uzI6/DOAm25Yald72jbbtbb6GFjeA8BVjyqk4aNXpSaevo7p/VE/JXwbPGSaundPVNaplTmeIyHMspaqYKrLEYdNuVGSvK3bk7abxs/Q93KfiHg6sfzZOhNaSjUTcLp2spJa/VITL9bcPue23g1fF/EDLqf8Az+d66Uoym9PpY8qpx/UxC5cDhalST/VNc0Uut1B76rdrcc4zhk30HPoZHm+MTliMV+HTdlCn0WmtqbXrvK/2K1Ph1VeqzGrfa7jJ776eJv6+pnK/jeM+66ADncOCsypq1PM5OytHmdWK+3M0ti5cL5x5l/aK1289S/W36dPoOV/DjP10IGgR4YzdrXMbNJpWnUftfyrXfUifB+aqzjmTuukp1bXvonvf7Dlfw4z9dELalRRTlJpRSu3J2SS3bb2Of1MBn92vxFK3SXkV9v4LlI8D47EtLG4+Uqabbp0nKSe1t0o/dPYcr+HGfdQ1+I8ZmteWHy+9OhCylWd4N/xOW6XaK8zs726ZUPhxKpricbVqN30jeybd387ldfRG45XltHCU1SowUYLXvKT6yk929NyaU2zZhvsvk1/LWst+HmBovmanVf8A1580f8sUk+m5stCFOlFQpxjGK2jBKMV9EWguYSIuVvas5tiEbsoZFONkbfSVwAJUAAARVYdSUAYqBJUhbUiLSqLlCoEsavc8vMOHMFiJOdXD05TlvK3LN+ras7+pngy4ytmVjysNwnl9NqUcNS5lqnNOo17c1z2YyjFWikl2SsiMGTGQuVq91WW8z7lAUxXnfcc77lCiAu533K877loAuVRhzfcsKgGAAABJTp31YFaUOpKAQoAAAAAAAAIqlPqiUAYoJ507kMo2KlTpQAGgAAAAAAAMAAGgAAArGLZNCnYy00tp0+/2JQCVAAAAAAAAAAAAAAAAI5UkRuDRkA3bNMUGS4plrpI3ZpACXwfUp4PqNs0jBJ4PqV8H1GzSIE6pIuUUhs0gVNskjSXUkBm26AAY0AAAAAAAAAAAAAAAAAAAAAAAAAAAAAAAAAAAAAAAAAAAAAf/2Q=='),
    (8, '廣井', '2a0e07d3f338e7db627d6b40e9eacdef479cb5f0c525a46e3f4c7e08d49f3e07', 'USER', '/9j/4AAQSkZJRgABAQAAAQABAAD/2wCEAAkGBxIQEhUQEhIVFRIVFRUQFRUPFRUQDxUVFRUWFhYVFRYYHSggGBolHRUVITEhJSkrLi4uFx8zODMtNygtLisBCgoKDg0OGxAQGislICUtLS0rLS0tLystLSstLS0tLS0rLS0tLS0tLS0tLS0tLS0tLS0tLS0tLS0tLS0rLS0tLf/AABEIAOEA4AMBIgACEQEDEQH/xAAbAAEAAQUBAAAAAAAAAAAAAAAAAwECBAYHBf/EADwQAAIBAgQEBAQEAwYHAAAAAAABAgMRBAUhMQYSQVETImFxBzKBkRQjQlJiscEVM3KSobIkQ2OCotHx/8QAGAEBAQEBAQAAAAAAAAAAAAAAAAIBAwT/xAAgEQEBAAICAgMBAQAAAAAAAAAAAQIREjEDISJBUTIT/9oADAMBAAIRAxEAPwDuIAAAAAAAAAAAtlNIjdVm6ZtMWua7kDZQ3RtP4qKeKiEDTNpvFRXxUQAaNshTXcuMUqnYabtkghVVkkZpmaNrgAY0AAAAAAAAAAAAAACOdSwF0pJEU6jZY2CtJ2AA0AAAAAAABgAAKFQA1fGo0TRlcxgmZYbZQI6dS/uSEqAAAAAAAAACOrO2gFKlToiIAtIAAAAAElOnfVkZ5XG2YvDYKpKLtOVqUH2c3Zv6Lmf0Jyuo3Gbq6fFOAjUdF4impxbUrtqCa3Tnblv6XPYUYySlFppq6ad00+qNH4d4CwtTCQdeF61ReL4kG4SjzfKo200Vt1qzBrYDGZI/EoTdbB815QkvlT/d+1/xxVu6OfLKe66cMb6joUo2KEGSZvSxlJVab02lGWk4vs1/UyakLex1l252aWgA1gAAAAAEtOp0ZEAMoEdKd9CQhQAAAAAtnKxjsvqSuywqRNACSlG5ojB4Oc8c4LC1XQm5SnHSfhRUowemjd1d67K56mU55hcWvyKsZtbx+WoveLs19iecVwutsoEk6XYjKSI034rycqeHoLepVbVrXbsoJW96n+jNzhuvc0vjxp4/L4u1lUjJX1Tbq0/ttv6nPydOnj7bzSgqcFHZRil9ErCFSM1pqtmn690y3F/JL2PKp1OV3Wj/ANCcstV0w8fOWtYzvIJ5ZV/H4N8tJa1qV3yKPXRbw0/7W77bbhkOcU8bRVans9JRe8ZLdP8A99U0ZlKaqR1SaaaknquzTXY0inlOJy7HqWGpyqYTESUZwjtSTfXso3bT7aDr3Ok336vbd/C19Cvg+pjZ3mcMJQniJ/LBXttzSbtGK9W2l9TXfh3Tr1IVMbXnJyryXLGTdlGDkrpdFdtL0iu5fL3pEx9bbM0Csily0AAAAAAjIhK6McvpyszLCJwASoLakrIuIaz1NjKjABTArUq+HTnU/bGU9dF5Vf8AoUMHiWq4YLESW6o1GumvK+pmXTce2o/DDJ6delXxFenGo6tXl/NjGey55S1Wl3U/8TOzv4c0p/mYOcsPWj5o8rbp3W1v1Q90/oeh8N6ajgYW6zqSfq+dr6bL7HvPHRUnF6dL+pxkx4zbt8rleLSMr4vxGDrfhczja+kK6iknru+XSUdvMlddV1N8XLNKUWmmk046pp7NPqY+a5ZSxVN0qseaLTs180W180X0ZztxzLKpywmGi61Ko/yXOLmouTd7WslLunp1993cU6mTomPzChho89apCmu85JN+y3b9jUXmuCzbF0qKjVk6LlVjUjaFOXLyvW/m5b8vbVepFlnw+nVm8RmNaVWpL9EJOy62c9HbpaNkbvgMBSw8eSjTjTjvaCUVfu+79R7vZ8cek843TXfQxKeXpbu6+xmgq4y9sxzuPS2EFFWSsi4A1LQ8HxDz4mvl2YwXLOpJUnNRjT5b3hFtdWrNPe/rY3enRUIKEEoxilGKWiSWiSPE4v4Wp5hTs/LWin4dTs/2y7xf/wAPE4D4lqvnwGJX/F0bxpxlpKpGK0TfVq2/VWfciXV1V2bm43TwmWyjY1HIamcYivGrX5aFBSfNScYptLTlW8n/AImzca2/0OmOW0ZY6RgFCkKgANAABkU5XRcQ0XqTE1sDGkyeo9GY5sKFSgRrAwOJ4c2BxKSbfgVbJXu2oNpaGeXTp89OUP3KUddtVYnLpuPbwPhxWU8DC2ynUjp2U3b30tqZddeaXu/5mu/B2t/w1ai96da/T9UIrbteEnfrc3GpguabbflevqcbLljHpwymGd2ZXez/AG9P6maUiraIqdJNTTjnlyuwAGpeXnXEOHwbgq9Tlc72SjKTst27LRbanpUqiklKLTi0pJrVNPVNGqcbcHPMJU6kKqpzguTzR5k1e91Zppq7+5sGS5esNQp0FJyVOPLzS3fX6b7Eze1WTTNABSQ0j4jcPynGOPw3lxNC021u4Rd7+rjb6q67G7lJK+j2212Ms3NNl1dvK4ZzqGNoKrFrmXkqJbRmt7ej3T7NGbO99Tn9KbybMfD2weI1TtZQ1el/4G/8sjolaPUYX9M5rpCVBQ6OaoADQMACqZkmKZFN6GVsW1tiElrkQjKFYq7KFYPU0Y2Y5thcO1GtWhTk1dKcrOy6+iJ8uzCjXTlRqQqJOzdOSlZ9n2MDN+GsJi6iq1qfNJR8PSUoXje+vK13f3MvKMmoYRONCnyKVnLWUm7bXcm2939zn8tr+OnlcN1cEsTiqeFUlV5+avpLw+a8r8renzSlt69jZDnvwtTlWx1Vu8nUjF+/NVb/AJnQjMLuNzmqAApLl+acZYqGZ+EpNU4Vo0HR5VacZSUVNv5m3dNW7LudKxeJhShKpOSjCCcpN7JIhrZXQnVjiJUoOtBWjUcU5pejNI+LeaVY04YVQtSq2lKo9pNS0ppej5ZfYj3jLa6esrJGfgviThJ1HTnGpT83LGUo80Wm7Ju2se+qN0OL8TYWNGnQhBRXm5NdHJ2WrfXXU7QMMre2+TCY9AALcgAAa/xvkSxuFnBL82F6lJ7NTSen1V19TE+HmffisMqU2/HopU6ila7WqjJfRWfW6f12s5zxDS/svMYY+K/Ir3jVSW0nbmXu9Jru4yRGXq7Xj7nFvs42ZQkc1OKnFpppSTWzT1TIzrHKqFQDWAADQnovQgJqJlIpXIiatsQiFAAaLMdjqeGpSr1XaEVdtJyersrJb6s1bKuOJ43EqjhsO/ATfiVal7pJfNppH7ts26ahOLhNKUWuVqSvFp9GhhsPTpw8OlCMILRRhFRir9kjnZdrlmmk/CNXpYiS1TqR172jv369Tfjn3wdf5OIi35lX1S6Lkil/tZ0EnD+VeT+qAAtAaL8XcPzYWnO78lZeq80ZJX+tjejy+JsoWMw1TDtpOSTi3qlOLvFv0urP0bJym5pWN1duYZ7U8aeDhGzdScXb/FKC0T+v2OxnNuEeDcVHEwr4uyhh1amudTcmr8u36Vdu7s9EdJJ8cv2vy5S30AA6OQAAB5fE2TRxuHnh5Pl5knGVr8s4u8ZW9/8AS56gF9kunj8MU4UqKwirxrToJU6jWjT1aTV9FbRexnyjbQ5/mreU5pHEpv8ADYq/idUne8vazcZezkjotVXVzML9Nzn2hKFQdHNQqAGhLQIiajsZSLqi0McyWjGEbQAGsCWj1IiWh1MpGh/CSStioJJctSDt+q7Uk7rp8p0E558Jl5sbbbxIW72vVOhnLD+XXyf0AAtAAAAAAAAAAAAAA8PjHI1jcNOlZOpH8ylf98U7LfZq8fqeX8N8+WIofh5u1fD/AJbjL53BeWLa7q3K/VepuBoXF3D9fD4hZngl54/3tKCk3PXzNRj8yl+pd0pbkZeruLx9zVbs6WvoUrOFNc05KMVu5tRj92aI/ienFQjhZ/iG+XkcrQT9+Xm36cqIcPwzjM1qrEY+UqVFfJQjeLt6Rfye7V39mb/pvo/z126DRcKkVOElKL2lFqUX7NblJRtoaHwbfAZjXy3mbpSXiU+Z7NJT0W2sZa23cfQ36vuVhltGeOljMimtDHRlIqsgQVVqTllWOhkKgABTBIszTGxw1CpWltThKfq2lol6t2X1JqO5oHF0quZY6OWU5ctGnyzrNfNolKUvopKKXd39ozy1F4Y7rO+EuEccLOs/mq1Xr0agrf7nM3giwmGjShGnBKMIpRilskiUzGamjK7uwAGsAAAAAAAAAAAAAAAo3bV7eoFORXvZX721Ljycy4lwmH/vcRTTtfli+eb9oxuzS8bxNjM1vh8BRlCjJONStUtGSTdrc17R0eyvLcm5SKmNq/JJrGZ3WxEGnToRcU0tH5FS39ZOo17M6BWep5fCfD1PL6HhxfNOT56k3+uXouiWyR6MnfU3xzXbM7u+l9Jak5ZSjZF5VTAAGNY842ZaT1I3RAVE1fR3NA4glLK8y/tBxc6NdeHLl+ZeWCa7J+VNd7NG+p2L6jjNOM4pp6NSSlF+6Jyx2rDLTw6HG+Bkk/G5bq9pxkn/ACsZdHifBydliad/4pcnf91uzI6/DOAm25Yald72jbbtbb6GFjeA8BVjyqk4aNXpSaevo7p/VE/JXwbPGSaundPVNaplTmeIyHMspaqYKrLEYdNuVGSvK3bk7abxs/Q93KfiHg6sfzZOhNaSjUTcLp2spJa/VITL9bcPue23g1fF/EDLqf8Az+d66Uoym9PpY8qpx/UxC5cDhalST/VNc0Uut1B76rdrcc4zhk30HPoZHm+MTliMV+HTdlCn0WmtqbXrvK/2K1Ph1VeqzGrfa7jJ776eJv6+pnK/jeM+66ADncOCsypq1PM5OytHmdWK+3M0ti5cL5x5l/aK1289S/W36dPoOV/DjP10IGgR4YzdrXMbNJpWnUftfyrXfUifB+aqzjmTuukp1bXvonvf7Dlfw4z9dELalRRTlJpRSu3J2SS3bb2Of1MBn92vxFK3SXkV9v4LlI8D47EtLG4+Uqabbp0nKSe1t0o/dPYcr+HGfdQ1+I8ZmteWHy+9OhCylWd4N/xOW6XaK8zs726ZUPhxKpricbVqN30jeybd387ldfRG45XltHCU1SowUYLXvKT6yk929NyaU2zZhvsvk1/LWst+HmBovmanVf8A1580f8sUk+m5stCFOlFQpxjGK2jBKMV9EWguYSIuVvas5tiEbsoZFONkbfSVwAJUAAARVYdSUAYqBJUhbUiLSqLlCoEsavc8vMOHMFiJOdXD05TlvK3LN+ras7+pngy4ytmVjysNwnl9NqUcNS5lqnNOo17c1z2YyjFWikl2SsiMGTGQuVq91WW8z7lAUxXnfcc77lCiAu533K877loAuVRhzfcsKgGAAABJTp31YFaUOpKAQoAAAAAAAAIqlPqiUAYoJ507kMo2KlTpQAGgAAAAAAAMAAGgAAArGLZNCnYy00tp0+/2JQCVAAAAAAAAAAAAAAAAI5UkRuDRkA3bNMUGS4plrpI3ZpACXwfUp4PqNs0jBJ4PqV8H1GzSIE6pIuUUhs0gVNskjSXUkBm26AAY0AAAAAAAAAAAAAAAAAAAAAAAAAAAAAAAAAAAAAAAAAAAAAf/2Q=='),
    (9, '加藤義典', 'c2d59dab4f088d9bd3ce5c6d8f06a09a6623a1f6df216f959e2d81177c615b80', 'USER', '/9j/4AAQSkZJRgABAQAAAQABAAD/2wCEAAkGBxIQEhUQEhIVFRIVFRUQFRUPFRUQDxUVFRUWFhYVFRYYHSggGBolHRUVITEhJSkrLi4uFx8zODMtNygtLisBCgoKDg0OGxAQGislICUtLS0rLS0tLystLSstLS0tLS0rLS0tLS0tLS0tLS0tLS0tLS0tLS0tLS0tLS0rLS0tLf/AABEIAOEA4AMBIgACEQEDEQH/xAAbAAEAAQUBAAAAAAAAAAAAAAAAAwECBAYHBf/EADwQAAIBAgQEBAQEAwYHAAAAAAABAgMRBAUhMQYSQVETImFxBzKBkRQjQlJiscEVM3KSobIkQ2OCotHx/8QAGAEBAQEBAQAAAAAAAAAAAAAAAAIBAwT/xAAgEQEBAAICAgMBAQAAAAAAAAAAAQIREjEDISJBUTIT/9oADAMBAAIRAxEAPwDuIAAAAAAAAAAAtlNIjdVm6ZtMWua7kDZQ3RtP4qKeKiEDTNpvFRXxUQAaNshTXcuMUqnYabtkghVVkkZpmaNrgAY0AAAAAAAAAAAAAACOdSwF0pJEU6jZY2CtJ2AA0AAAAAAABgAAKFQA1fGo0TRlcxgmZYbZQI6dS/uSEqAAAAAAAAACOrO2gFKlToiIAtIAAAAAElOnfVkZ5XG2YvDYKpKLtOVqUH2c3Zv6Lmf0Jyuo3Gbq6fFOAjUdF4impxbUrtqCa3Tnblv6XPYUYySlFppq6ad00+qNH4d4CwtTCQdeF61ReL4kG4SjzfKo200Vt1qzBrYDGZI/EoTdbB815QkvlT/d+1/xxVu6OfLKe66cMb6joUo2KEGSZvSxlJVab02lGWk4vs1/UyakLex1l252aWgA1gAAAAAEtOp0ZEAMoEdKd9CQhQAAAAAtnKxjsvqSuywqRNACSlG5ojB4Oc8c4LC1XQm5SnHSfhRUowemjd1d67K56mU55hcWvyKsZtbx+WoveLs19iecVwutsoEk6XYjKSI034rycqeHoLepVbVrXbsoJW96n+jNzhuvc0vjxp4/L4u1lUjJX1Tbq0/ttv6nPydOnj7bzSgqcFHZRil9ErCFSM1pqtmn690y3F/JL2PKp1OV3Wj/ANCcstV0w8fOWtYzvIJ5ZV/H4N8tJa1qV3yKPXRbw0/7W77bbhkOcU8bRVans9JRe8ZLdP8A99U0ZlKaqR1SaaaknquzTXY0inlOJy7HqWGpyqYTESUZwjtSTfXso3bT7aDr3Ok336vbd/C19Cvg+pjZ3mcMJQniJ/LBXttzSbtGK9W2l9TXfh3Tr1IVMbXnJyryXLGTdlGDkrpdFdtL0iu5fL3pEx9bbM0Csily0AAAAAAjIhK6McvpyszLCJwASoLakrIuIaz1NjKjABTArUq+HTnU/bGU9dF5Vf8AoUMHiWq4YLESW6o1GumvK+pmXTce2o/DDJ6delXxFenGo6tXl/NjGey55S1Wl3U/8TOzv4c0p/mYOcsPWj5o8rbp3W1v1Q90/oeh8N6ajgYW6zqSfq+dr6bL7HvPHRUnF6dL+pxkx4zbt8rleLSMr4vxGDrfhczja+kK6iknru+XSUdvMlddV1N8XLNKUWmmk046pp7NPqY+a5ZSxVN0qseaLTs180W180X0ZztxzLKpywmGi61Ko/yXOLmouTd7WslLunp1993cU6mTomPzChho89apCmu85JN+y3b9jUXmuCzbF0qKjVk6LlVjUjaFOXLyvW/m5b8vbVepFlnw+nVm8RmNaVWpL9EJOy62c9HbpaNkbvgMBSw8eSjTjTjvaCUVfu+79R7vZ8cek843TXfQxKeXpbu6+xmgq4y9sxzuPS2EFFWSsi4A1LQ8HxDz4mvl2YwXLOpJUnNRjT5b3hFtdWrNPe/rY3enRUIKEEoxilGKWiSWiSPE4v4Wp5hTs/LWin4dTs/2y7xf/wAPE4D4lqvnwGJX/F0bxpxlpKpGK0TfVq2/VWfciXV1V2bm43TwmWyjY1HIamcYivGrX5aFBSfNScYptLTlW8n/AImzca2/0OmOW0ZY6RgFCkKgANAABkU5XRcQ0XqTE1sDGkyeo9GY5sKFSgRrAwOJ4c2BxKSbfgVbJXu2oNpaGeXTp89OUP3KUddtVYnLpuPbwPhxWU8DC2ynUjp2U3b30tqZddeaXu/5mu/B2t/w1ai96da/T9UIrbteEnfrc3GpguabbflevqcbLljHpwymGd2ZXez/AG9P6maUiraIqdJNTTjnlyuwAGpeXnXEOHwbgq9Tlc72SjKTst27LRbanpUqiklKLTi0pJrVNPVNGqcbcHPMJU6kKqpzguTzR5k1e91Zppq7+5sGS5esNQp0FJyVOPLzS3fX6b7Eze1WTTNABSQ0j4jcPynGOPw3lxNC021u4Rd7+rjb6q67G7lJK+j2212Ms3NNl1dvK4ZzqGNoKrFrmXkqJbRmt7ej3T7NGbO99Tn9KbybMfD2weI1TtZQ1el/4G/8sjolaPUYX9M5rpCVBQ6OaoADQMACqZkmKZFN6GVsW1tiElrkQjKFYq7KFYPU0Y2Y5thcO1GtWhTk1dKcrOy6+iJ8uzCjXTlRqQqJOzdOSlZ9n2MDN+GsJi6iq1qfNJR8PSUoXje+vK13f3MvKMmoYRONCnyKVnLWUm7bXcm2939zn8tr+OnlcN1cEsTiqeFUlV5+avpLw+a8r8renzSlt69jZDnvwtTlWx1Vu8nUjF+/NVb/AJnQjMLuNzmqAApLl+acZYqGZ+EpNU4Vo0HR5VacZSUVNv5m3dNW7LudKxeJhShKpOSjCCcpN7JIhrZXQnVjiJUoOtBWjUcU5pejNI+LeaVY04YVQtSq2lKo9pNS0ppej5ZfYj3jLa6esrJGfgviThJ1HTnGpT83LGUo80Wm7Ju2se+qN0OL8TYWNGnQhBRXm5NdHJ2WrfXXU7QMMre2+TCY9AALcgAAa/xvkSxuFnBL82F6lJ7NTSen1V19TE+HmffisMqU2/HopU6ila7WqjJfRWfW6f12s5zxDS/svMYY+K/Ir3jVSW0nbmXu9Jru4yRGXq7Xj7nFvs42ZQkc1OKnFpppSTWzT1TIzrHKqFQDWAADQnovQgJqJlIpXIiatsQiFAAaLMdjqeGpSr1XaEVdtJyersrJb6s1bKuOJ43EqjhsO/ATfiVal7pJfNppH7ts26ahOLhNKUWuVqSvFp9GhhsPTpw8OlCMILRRhFRir9kjnZdrlmmk/CNXpYiS1TqR172jv369Tfjn3wdf5OIi35lX1S6Lkil/tZ0EnD+VeT+qAAtAaL8XcPzYWnO78lZeq80ZJX+tjejy+JsoWMw1TDtpOSTi3qlOLvFv0urP0bJym5pWN1duYZ7U8aeDhGzdScXb/FKC0T+v2OxnNuEeDcVHEwr4uyhh1amudTcmr8u36Vdu7s9EdJJ8cv2vy5S30AA6OQAAB5fE2TRxuHnh5Pl5knGVr8s4u8ZW9/8AS56gF9kunj8MU4UqKwirxrToJU6jWjT1aTV9FbRexnyjbQ5/mreU5pHEpv8ADYq/idUne8vazcZezkjotVXVzML9Nzn2hKFQdHNQqAGhLQIiajsZSLqi0McyWjGEbQAGsCWj1IiWh1MpGh/CSStioJJctSDt+q7Uk7rp8p0E558Jl5sbbbxIW72vVOhnLD+XXyf0AAtAAAAAAAAAAAAAA8PjHI1jcNOlZOpH8ylf98U7LfZq8fqeX8N8+WIofh5u1fD/AJbjL53BeWLa7q3K/VepuBoXF3D9fD4hZngl54/3tKCk3PXzNRj8yl+pd0pbkZeruLx9zVbs6WvoUrOFNc05KMVu5tRj92aI/ienFQjhZ/iG+XkcrQT9+Xm36cqIcPwzjM1qrEY+UqVFfJQjeLt6Rfye7V39mb/pvo/z126DRcKkVOElKL2lFqUX7NblJRtoaHwbfAZjXy3mbpSXiU+Z7NJT0W2sZa23cfQ36vuVhltGeOljMimtDHRlIqsgQVVqTllWOhkKgABTBIszTGxw1CpWltThKfq2lol6t2X1JqO5oHF0quZY6OWU5ctGnyzrNfNolKUvopKKXd39ozy1F4Y7rO+EuEccLOs/mq1Xr0agrf7nM3giwmGjShGnBKMIpRilskiUzGamjK7uwAGsAAAAAAAAAAAAAAAo3bV7eoFORXvZX721Ljycy4lwmH/vcRTTtfli+eb9oxuzS8bxNjM1vh8BRlCjJONStUtGSTdrc17R0eyvLcm5SKmNq/JJrGZ3WxEGnToRcU0tH5FS39ZOo17M6BWep5fCfD1PL6HhxfNOT56k3+uXouiWyR6MnfU3xzXbM7u+l9Jak5ZSjZF5VTAAGNY842ZaT1I3RAVE1fR3NA4glLK8y/tBxc6NdeHLl+ZeWCa7J+VNd7NG+p2L6jjNOM4pp6NSSlF+6Jyx2rDLTw6HG+Bkk/G5bq9pxkn/ACsZdHifBydliad/4pcnf91uzI6/DOAm25Yald72jbbtbb6GFjeA8BVjyqk4aNXpSaevo7p/VE/JXwbPGSaundPVNaplTmeIyHMspaqYKrLEYdNuVGSvK3bk7abxs/Q93KfiHg6sfzZOhNaSjUTcLp2spJa/VITL9bcPue23g1fF/EDLqf8Az+d66Uoym9PpY8qpx/UxC5cDhalST/VNc0Uut1B76rdrcc4zhk30HPoZHm+MTliMV+HTdlCn0WmtqbXrvK/2K1Ph1VeqzGrfa7jJ776eJv6+pnK/jeM+66ADncOCsypq1PM5OytHmdWK+3M0ti5cL5x5l/aK1289S/W36dPoOV/DjP10IGgR4YzdrXMbNJpWnUftfyrXfUifB+aqzjmTuukp1bXvonvf7Dlfw4z9dELalRRTlJpRSu3J2SS3bb2Of1MBn92vxFK3SXkV9v4LlI8D47EtLG4+Uqabbp0nKSe1t0o/dPYcr+HGfdQ1+I8ZmteWHy+9OhCylWd4N/xOW6XaK8zs726ZUPhxKpricbVqN30jeybd387ldfRG45XltHCU1SowUYLXvKT6yk929NyaU2zZhvsvk1/LWst+HmBovmanVf8A1580f8sUk+m5stCFOlFQpxjGK2jBKMV9EWguYSIuVvas5tiEbsoZFONkbfSVwAJUAAARVYdSUAYqBJUhbUiLSqLlCoEsavc8vMOHMFiJOdXD05TlvK3LN+ras7+pngy4ytmVjysNwnl9NqUcNS5lqnNOo17c1z2YyjFWikl2SsiMGTGQuVq91WW8z7lAUxXnfcc77lCiAu533K877loAuVRhzfcsKgGAAABJTp31YFaUOpKAQoAAAAAAAAIqlPqiUAYoJ507kMo2KlTpQAGgAAAAAAAMAAGgAAArGLZNCnYy00tp0+/2JQCVAAAAAAAAAAAAAAAAI5UkRuDRkA3bNMUGS4plrpI3ZpACXwfUp4PqNs0jBJ4PqV8H1GzSIE6pIuUUhs0gVNskjSXUkBm26AAY0AAAAAAAAAAAAAAAAAAAAAAAAAAAAAAAAAAAAAAAAAAAAAf/2Q=='),
    (10, 'SuperAdmin', '8c6976e5b5410415bde908bd4dee15dfb167a9c873fc4bb8a81f6f2ab448a918', 'ADMIN', '/9j/4AAQSkZJRgABAQAAAQABAAD/2wCEAAkGBxIQEhUQEhIVFRIVFRUQFRUPFRUQDxUVFRUWFhYVFRYYHSggGBolHRUVITEhJSkrLi4uFx8zODMtNygtLisBCgoKDg0OGxAQGislICUtLS0rLS0tLystLSstLS0tLS0rLS0tLS0tLS0tLS0tLS0tLS0tLS0tLS0tLS0rLS0tLf/AABEIAOEA4AMBIgACEQEDEQH/xAAbAAEAAQUBAAAAAAAAAAAAAAAAAwECBAYHBf/EADwQAAIBAgQEBAQEAwYHAAAAAAABAgMRBAUhMQYSQVETImFxBzKBkRQjQlJiscEVM3KSobIkQ2OCotHx/8QAGAEBAQEBAQAAAAAAAAAAAAAAAAIBAwT/xAAgEQEBAAICAgMBAQAAAAAAAAAAAQIREjEDISJBUTIT/9oADAMBAAIRAxEAPwDuIAAAAAAAAAAAtlNIjdVm6ZtMWua7kDZQ3RtP4qKeKiEDTNpvFRXxUQAaNshTXcuMUqnYabtkghVVkkZpmaNrgAY0AAAAAAAAAAAAAACOdSwF0pJEU6jZY2CtJ2AA0AAAAAAABgAAKFQA1fGo0TRlcxgmZYbZQI6dS/uSEqAAAAAAAAACOrO2gFKlToiIAtIAAAAAElOnfVkZ5XG2YvDYKpKLtOVqUH2c3Zv6Lmf0Jyuo3Gbq6fFOAjUdF4impxbUrtqCa3Tnblv6XPYUYySlFppq6ad00+qNH4d4CwtTCQdeF61ReL4kG4SjzfKo200Vt1qzBrYDGZI/EoTdbB815QkvlT/d+1/xxVu6OfLKe66cMb6joUo2KEGSZvSxlJVab02lGWk4vs1/UyakLex1l252aWgA1gAAAAAEtOp0ZEAMoEdKd9CQhQAAAAAtnKxjsvqSuywqRNACSlG5ojB4Oc8c4LC1XQm5SnHSfhRUowemjd1d67K56mU55hcWvyKsZtbx+WoveLs19iecVwutsoEk6XYjKSI034rycqeHoLepVbVrXbsoJW96n+jNzhuvc0vjxp4/L4u1lUjJX1Tbq0/ttv6nPydOnj7bzSgqcFHZRil9ErCFSM1pqtmn690y3F/JL2PKp1OV3Wj/ANCcstV0w8fOWtYzvIJ5ZV/H4N8tJa1qV3yKPXRbw0/7W77bbhkOcU8bRVans9JRe8ZLdP8A99U0ZlKaqR1SaaaknquzTXY0inlOJy7HqWGpyqYTESUZwjtSTfXso3bT7aDr3Ok336vbd/C19Cvg+pjZ3mcMJQniJ/LBXttzSbtGK9W2l9TXfh3Tr1IVMbXnJyryXLGTdlGDkrpdFdtL0iu5fL3pEx9bbM0Csily0AAAAAAjIhK6McvpyszLCJwASoLakrIuIaz1NjKjABTArUq+HTnU/bGU9dF5Vf8AoUMHiWq4YLESW6o1GumvK+pmXTce2o/DDJ6delXxFenGo6tXl/NjGey55S1Wl3U/8TOzv4c0p/mYOcsPWj5o8rbp3W1v1Q90/oeh8N6ajgYW6zqSfq+dr6bL7HvPHRUnF6dL+pxkx4zbt8rleLSMr4vxGDrfhczja+kK6iknru+XSUdvMlddV1N8XLNKUWmmk046pp7NPqY+a5ZSxVN0qseaLTs180W180X0ZztxzLKpywmGi61Ko/yXOLmouTd7WslLunp1993cU6mTomPzChho89apCmu85JN+y3b9jUXmuCzbF0qKjVk6LlVjUjaFOXLyvW/m5b8vbVepFlnw+nVm8RmNaVWpL9EJOy62c9HbpaNkbvgMBSw8eSjTjTjvaCUVfu+79R7vZ8cek843TXfQxKeXpbu6+xmgq4y9sxzuPS2EFFWSsi4A1LQ8HxDz4mvl2YwXLOpJUnNRjT5b3hFtdWrNPe/rY3enRUIKEEoxilGKWiSWiSPE4v4Wp5hTs/LWin4dTs/2y7xf/wAPE4D4lqvnwGJX/F0bxpxlpKpGK0TfVq2/VWfciXV1V2bm43TwmWyjY1HIamcYivGrX5aFBSfNScYptLTlW8n/AImzca2/0OmOW0ZY6RgFCkKgANAABkU5XRcQ0XqTE1sDGkyeo9GY5sKFSgRrAwOJ4c2BxKSbfgVbJXu2oNpaGeXTp89OUP3KUddtVYnLpuPbwPhxWU8DC2ynUjp2U3b30tqZddeaXu/5mu/B2t/w1ai96da/T9UIrbteEnfrc3GpguabbflevqcbLljHpwymGd2ZXez/AG9P6maUiraIqdJNTTjnlyuwAGpeXnXEOHwbgq9Tlc72SjKTst27LRbanpUqiklKLTi0pJrVNPVNGqcbcHPMJU6kKqpzguTzR5k1e91Zppq7+5sGS5esNQp0FJyVOPLzS3fX6b7Eze1WTTNABSQ0j4jcPynGOPw3lxNC021u4Rd7+rjb6q67G7lJK+j2212Ms3NNl1dvK4ZzqGNoKrFrmXkqJbRmt7ej3T7NGbO99Tn9KbybMfD2weI1TtZQ1el/4G/8sjolaPUYX9M5rpCVBQ6OaoADQMACqZkmKZFN6GVsW1tiElrkQjKFYq7KFYPU0Y2Y5thcO1GtWhTk1dKcrOy6+iJ8uzCjXTlRqQqJOzdOSlZ9n2MDN+GsJi6iq1qfNJR8PSUoXje+vK13f3MvKMmoYRONCnyKVnLWUm7bXcm2939zn8tr+OnlcN1cEsTiqeFUlV5+avpLw+a8r8renzSlt69jZDnvwtTlWx1Vu8nUjF+/NVb/AJnQjMLuNzmqAApLl+acZYqGZ+EpNU4Vo0HR5VacZSUVNv5m3dNW7LudKxeJhShKpOSjCCcpN7JIhrZXQnVjiJUoOtBWjUcU5pejNI+LeaVY04YVQtSq2lKo9pNS0ppej5ZfYj3jLa6esrJGfgviThJ1HTnGpT83LGUo80Wm7Ju2se+qN0OL8TYWNGnQhBRXm5NdHJ2WrfXXU7QMMre2+TCY9AALcgAAa/xvkSxuFnBL82F6lJ7NTSen1V19TE+HmffisMqU2/HopU6ila7WqjJfRWfW6f12s5zxDS/svMYY+K/Ir3jVSW0nbmXu9Jru4yRGXq7Xj7nFvs42ZQkc1OKnFpppSTWzT1TIzrHKqFQDWAADQnovQgJqJlIpXIiatsQiFAAaLMdjqeGpSr1XaEVdtJyersrJb6s1bKuOJ43EqjhsO/ATfiVal7pJfNppH7ts26ahOLhNKUWuVqSvFp9GhhsPTpw8OlCMILRRhFRir9kjnZdrlmmk/CNXpYiS1TqR172jv369Tfjn3wdf5OIi35lX1S6Lkil/tZ0EnD+VeT+qAAtAaL8XcPzYWnO78lZeq80ZJX+tjejy+JsoWMw1TDtpOSTi3qlOLvFv0urP0bJym5pWN1duYZ7U8aeDhGzdScXb/FKC0T+v2OxnNuEeDcVHEwr4uyhh1amudTcmr8u36Vdu7s9EdJJ8cv2vy5S30AA6OQAAB5fE2TRxuHnh5Pl5knGVr8s4u8ZW9/8AS56gF9kunj8MU4UqKwirxrToJU6jWjT1aTV9FbRexnyjbQ5/mreU5pHEpv8ADYq/idUne8vazcZezkjotVXVzML9Nzn2hKFQdHNQqAGhLQIiajsZSLqi0McyWjGEbQAGsCWj1IiWh1MpGh/CSStioJJctSDt+q7Uk7rp8p0E558Jl5sbbbxIW72vVOhnLD+XXyf0AAtAAAAAAAAAAAAAA8PjHI1jcNOlZOpH8ylf98U7LfZq8fqeX8N8+WIofh5u1fD/AJbjL53BeWLa7q3K/VepuBoXF3D9fD4hZngl54/3tKCk3PXzNRj8yl+pd0pbkZeruLx9zVbs6WvoUrOFNc05KMVu5tRj92aI/ienFQjhZ/iG+XkcrQT9+Xm36cqIcPwzjM1qrEY+UqVFfJQjeLt6Rfye7V39mb/pvo/z126DRcKkVOElKL2lFqUX7NblJRtoaHwbfAZjXy3mbpSXiU+Z7NJT0W2sZa23cfQ36vuVhltGeOljMimtDHRlIqsgQVVqTllWOhkKgABTBIszTGxw1CpWltThKfq2lol6t2X1JqO5oHF0quZY6OWU5ctGnyzrNfNolKUvopKKXd39ozy1F4Y7rO+EuEccLOs/mq1Xr0agrf7nM3giwmGjShGnBKMIpRilskiUzGamjK7uwAGsAAAAAAAAAAAAAAAo3bV7eoFORXvZX721Ljycy4lwmH/vcRTTtfli+eb9oxuzS8bxNjM1vh8BRlCjJONStUtGSTdrc17R0eyvLcm5SKmNq/JJrGZ3WxEGnToRcU0tH5FS39ZOo17M6BWep5fCfD1PL6HhxfNOT56k3+uXouiWyR6MnfU3xzXbM7u+l9Jak5ZSjZF5VTAAGNY842ZaT1I3RAVE1fR3NA4glLK8y/tBxc6NdeHLl+ZeWCa7J+VNd7NG+p2L6jjNOM4pp6NSSlF+6Jyx2rDLTw6HG+Bkk/G5bq9pxkn/ACsZdHifBydliad/4pcnf91uzI6/DOAm25Yald72jbbtbb6GFjeA8BVjyqk4aNXpSaevo7p/VE/JXwbPGSaundPVNaplTmeIyHMspaqYKrLEYdNuVGSvK3bk7abxs/Q93KfiHg6sfzZOhNaSjUTcLp2spJa/VITL9bcPue23g1fF/EDLqf8Az+d66Uoym9PpY8qpx/UxC5cDhalST/VNc0Uut1B76rdrcc4zhk30HPoZHm+MTliMV+HTdlCn0WmtqbXrvK/2K1Ph1VeqzGrfa7jJ776eJv6+pnK/jeM+66ADncOCsypq1PM5OytHmdWK+3M0ti5cL5x5l/aK1289S/W36dPoOV/DjP10IGgR4YzdrXMbNJpWnUftfyrXfUifB+aqzjmTuukp1bXvonvf7Dlfw4z9dELalRRTlJpRSu3J2SS3bb2Of1MBn92vxFK3SXkV9v4LlI8D47EtLG4+Uqabbp0nKSe1t0o/dPYcr+HGfdQ1+I8ZmteWHy+9OhCylWd4N/xOW6XaK8zs726ZUPhxKpricbVqN30jeybd387ldfRG45XltHCU1SowUYLXvKT6yk929NyaU2zZhvsvk1/LWst+HmBovmanVf8A1580f8sUk+m5stCFOlFQpxjGK2jBKMV9EWguYSIuVvas5tiEbsoZFONkbfSVwAJUAAARVYdSUAYqBJUhbUiLSqLlCoEsavc8vMOHMFiJOdXD05TlvK3LN+ras7+pngy4ytmVjysNwnl9NqUcNS5lqnNOo17c1z2YyjFWikl2SsiMGTGQuVq91WW8z7lAUxXnfcc77lCiAu533K877loAuVRhzfcsKgGAAABJTp31YFaUOpKAQoAAAAAAAAIqlPqiUAYoJ507kMo2KlTpQAGgAAAAAAAMAAGgAAArGLZNCnYy00tp0+/2JQCVAAAAAAAAAAAAAAAAI5UkRuDRkA3bNMUGS4plrpI3ZpACXwfUp4PqNs0jBJ4PqV8H1GzSIE6pIuUUhs0gVNskjSXUkBm26AAY0AAAAAAAAAAAAAAAAAAAAAAAAAAAAAAAAAAAAAAAAAAAAAf/2Q==');

INSERT INTO `report` (`report_id`, `employee_code`,`condition_rate`, `condition`, `impressions`, `tomorrow_schedule`, `date`, `start_time`, `end_time`, `is_lateness`, `lateness_reason`, `is_left_early`) VALUES
    (1, 1, 1, '不調', 'あああああああああああああああああああああああああああああ', '開開発開発開発開発開発開発', '2023-11-06', '09:00:00', '18:00:00', 1, '寝坊', 0),
    (2, 2, 2, '良好', '頑張った', '監督', '2023-11-07', '10:00:00', '19:00:00', 0, NULL, 1),
    (3, 3, 3, '普通', '頑張ったよ', '開発2', '2023-11-08', '11:00:00', '20:00:00', 1, NULL, 0),
    (4, 1, 1, '不調', 'ああああああああああああああ', '発開発開発開発開発開発', '2023-11-05', '09:00:00', '18:00:00', 1, '寝坊', 0),
    (5, 1, 2, '不調', 'あああああ', '開発開発', '2023-12-07', '09:00:00', '18:00:00', 1, '寝坊', 0),
    (6, 1, 3, '不調', 'ああああああああ', '開発開発開発開発開発', '2023-11-08', '09:00:00', '18:00:00', 1, '寝坊', 0),
    (7, 1, 1, 'いつも通りよりは元気でした。', 'こいつはすこしもいたようではありません。ジョバンニはあぶなく声をあげて狂気のように言っているのを見ました。そのとき、すうっと流れて来たのは、すっかりトパーズの正面に来ましたのでもわかりました。すると博士はジョバンニがあいさつに来たとジョバンニが思いながら、だまってかくしから、小さな紙きれを出しました。いや、商売ものをもらっちゃすみませんなというききおぼえのある声が、ジョバンニの横の窓の外をさして叫びました。僕もうあんな大きな暗の中を流れましたし、カムパネルラは、なぜかそう言いながら、自分もだんだん顔いろがかがやいてきました。そして二人は、停車場の前の、水晶細工のように立ちあがりました。', 'こいつはすこしもいたようではありません。ジョバンニはあぶなく声をあげて狂気のように言っているのを見ました。そのとき、すうっと流れて来たのは、すっかりトパーズの正面に来ましたのでもわかりました。すると博士はジョバンニがあいさつに来たとジョバンニが思いながら、だまってかくしから、小さな紙きれを出しました。いや、商売ものをもらっちゃすみませんなというききおぼえのある声が、ジョバンニの横の窓の外をさして叫', '2023-12-08', '09:00:00', '18:00:00', 1, 'こいつはすこしもいたようではありません。ジョバンニはあぶなく声をあげて狂気のように言っているのを見ました。そのとき、すうっと流れて来たのは、すっかりトパーズの正面に来ましたのでもわかりました。', 0),
    (8, 1, 2, 'いつも通りでした。', 'それが私には先刻の続きをもう少しいわせて下さいませんかと慰めるようにいって下さい、あなたの知っているのだと告げた時、今まで格子の間から射していた。君のお父さんが達者なうちに、奥さんとお嬢さんは戸棚を前にしている事に気が付きました。しばらく立っているこの卒業証書なるものが、僻んだ私の眼にはそうばかりとも思えなかった。私には連れて来ました。Ｋは真宗の坊さんよりは遥かに坊さんらしい性格をもっていない事はなかったので、彼の眼に映ったのです。私は手もなく親子を隔離するために学問させるような結果になる。その夜は母が病気になりました。そんな所へ行かないでも解っているでしょう、私の運命にとって見惨なものではな', 'それが私には先刻の続きをもう少しいわせて下さいませんかと慰めるようにいって下さい、あなたの知っているのだと告げた時、今まで格子の間から射していた。君のお父さんが達者なうちに、奥さんとお嬢さんは戸棚を前にしている事に気が付きました。しばらく立っているこの卒業証書なるものが、僻んだ私の眼にはそうばかりとも思えなかった。私には連れて来ました。Ｋは真宗の坊さんよりは遥かに坊さんらしい性格をもっていない事は', '2023-12-09', '09:00:00', '18:00:00', 1, 'それが私には先刻の続きをもう少しいわせて下さいませんかと慰めるようにいって下さい、あなたの知っているのだと告げた時、今まで格子の間から射していた。君のお父さんが達者なうちに、奥さんとお嬢さんは戸棚を前', 0),
    (9, 1, 1, '今までにないほど元気でした！！！！！！！', '去年の冬お前に会ったも同じでした。読む時間のない時は、先生が何のために帽子を海に吹き飛ばされてしまったのです。お母さんに日を見て喜びました。なぜですかなぜという訳を強い言葉ではありませんが、何しろそこには同情よりも侮蔑の方が、私はこの句について、人の知らない間にも、また立って今閉めたばかりの私には早いだけが好かった。それを母の早呑み込みでみんなにそう吹聴していたのだろうという質問をたびたび受けました。あなたは物足りないような心持がしました。', '去年の冬お前に会ったも同じでした。読む時間のない時は、先生が何のために帽子を海に吹き飛ばされてしまったのです。お母さんに日を見て喜びました。なぜですかなぜという訳を強い言葉ではありませんが、何しろそこには同情よりも侮蔑の方が、私はこの句について、人の知らない間にも、また立って今閉めたばかりの私には早いだけが好かった。', '2023-12-10', '09:00:00', '18:00:00', 1, '去年の冬お前に会ったも同じでした。読む時間のない時は、先生が何のために帽子を海に吹き飛ばされてしまったのです。お母さんに日を見て喜びました。', 0),
    (10, 1, 3, 'あと少し疲れたらもうダメかもしれないと思うほどの体調でしたがなんとかなりました。', 'そうだ僕は知っていたとみえて、カムパネルラがそれを知っていたのですかいいえいまでも燃えてるってお父さんおっしゃったわ。北十字とプリオシン海岸おっかさんは、ぼくをゆるしてくださると思うカムパネルラは、ザネリはもう帰っています、ぼくはカムパネルラの行った方を、窓から外をのぞきました。その葉はぐるぐるに縮れ葉の下に来てとまりました。するとあんなに元気に手をあげたカムパネルラが、思い切ったというふうではきはき談しているの。つまりは私どもも天の川の水あかりに、十日もつるしておくかね、これは地理と歴史の辞典だよ。', 'そうだ僕は知っていたとみえて、カムパネルラがそれを知っていたのですかいいえいまでも燃えてるってお父さんおっしゃったわ。北十字とプリオシン海岸おっかさんは、ぼくをゆるしてくださると思うカムパネルラは、ザネリはもう帰っています、ぼくはカムパネルラの行った方を、窓から外をのぞきました。その葉はぐるぐるに縮れ葉の下に来てとまりました。するとあんなに元気に手をあげたカムパネルラが、思い切ったというふうでは', '2023-12-11', '09:00:00', '18:00:00', 1, 'そうだ僕は知っていたとみえて、カムパネルラがそれを知っていたのですかいいえいまでも燃えてるってお父さんおっしゃったわ。北十字とプリオシン海岸おっかさんは、ぼくをゆるしてくださると思うカムパネルラ', 0),
    (11, 1, 2, '体調はまあまあでした。朝のニュースの占いでは12位だったのでその点で絶好調とは言えなくなりました。', 'Lorem ipsum dolor sit amet, consectetur adipiscing elit, sed do eiusmod tempor incididunt ut labore et dolore magna aliqua. Ut enim ad minim veniam, quis nostrud exercitation ullamco laboris nisi ut aliquip ex ea commodo consequat. Duis aute irure dolor in reprehenderit in voluptate velit esse cillu', 'Lorem ipsum dolor sit amet, consectetur adipiscing elit, sed do eiusmod tempor incididunt ut labore et dolore magna aliqua. Ut enim ad minim veniam, quis nostrud exercitation ullamco laboris nisi ut a', '2023-12-12', '09:00:00', '18:00:00', 0, 'Lorem ipsum dolor sit amet, consectetur adipiscing elit, sed do eiusmod tempor incididunt ut labore', 1),
    (12, 1, 3, '10時間寝たら信じられないほど元気になりました。今日はなんでもできる気分でした。', 'じゅげむじゅげむ　ごこうのすりきれ　かいじゃりすいぎょのすいぎょうまつうんらいまつふうらいまつ　くうねるところにすむところ　やぶらこうじのぶらこうじ　ぱいぽぱいぽぱいぽのしゅーりんがん　しゅーりんがんのぐーりんだい　ぐーりんだいのぽんぽこぴーのぽんぽこなのちょうきゅうめいのちょうすけ', 'じゅげむじゅげむ　ごこうのすりきれ　かいじゃりすいぎょのすいぎょうまつうんらいまつふうらいまつ　くうねるところにすむところ　やぶらこうじのぶらこうじ　ぱいぽぱいぽぱいぽのしゅーりんがん　しゅーりんがんのぐーりんだい　ぐーりんだいのぽんぽこぴーのぽんぽこなのちょうきゅうめいのちょうすけ', '2023-12-13', '09:00:00', '18:00:00', 1, 'じゅげむじゅげむ　ごこうのすりきれ　かいじゃりすいぎょのすいぎょうまつうんらいまつふうらいまつ　くうねるところにすむところ　やぶらこうじのぶらこうじ　ぱいぽぱいぽぱいぽのしゅーりんがん　しゅーりんがん', 1),
    (13, 2, 2, '良好', '頑張った', '監督', '2023-12-07', '10:00:00', '19:00:00', 0, NULL, 1);
INSERT INTO `feedback`(`feedback_id`, `name`, `rating`, `comment`, `report_id`) VALUES
    (1, '片川純太', 2, 'よく頑張りました。', 1),
    (2, '加藤義典', 0, 'もっと頑張りましょう。', 9),
    (3, '疋田佑', 1, 'テスト',2);

--team
INSERT INTO team (team_id, name) VALUES
    (1, "8時間睡眠死守の会"),
    (2, "定時帰宅部"),
    (3, "Springboot勉強会"),
    (4, "新作チョコレート捜索隊"),
    (5, "アプリテストチーム");

-- Setting
INSERT INTO setting(setting_id, start_time, end_time) VALUES
    (1, '9:00:00', '18:00:00');

--assignment
INSERT INTO assignment (assignment_id, employee_code, team_id, is_manager) VALUES
    (1, 1, 1, 0),
    (2, 2, 1, 1),
    (3, 3, 1, 0),
    (4, 4, 1, 0),
    (5, 5, 1, 1),
    (6, 6, 1, 0),
    (7, 1, 2, 1),
    (8, 2, 2, 0),
    (9, 3, 3, 0),
    (10, 4, 3, 1);

---- task
INSERT INTO task_log (task_id, report_id, name, progress_rate) VALUES
	(1, 12, "A機能追加", 28),
	(2, 12, "B機能追加", 50),
	(3, 12, "C機能追加", 55),
	(4, 12, "D機能追加", 66),
	(5, 12, "E機能追加", 77),
	(6, 12, "F機能追加", 88),
	(7, 12, "G機能追加", 28),
	(8, 12, "A機能追加", 99),
	(9, 12, "B機能追加", 100),
	(10, 12, "C機能追加", 100);